#,AreaId,City,Area,Status,Id,PlaceId,Name,Rating,Lat,Lng,LatNE,LngNE,LatSW,LngSW
1,1,Medellin,Poblado,OK,98e4d89e171549bcdd1f259363691aa09785c5c8,ChIJF7s7cdQpRI4Rjjsur8Enqkk,The Pit Stop Hostel,4.5,6.20723,-75.573753,6.20857663029,-75.5724179197,6.20587866971,-75.5751158803
2,1,Medellin,Poblado,OK,428d10af39bc07a30711bef74fcb108b718090e8,ChIJ32-qAtopRI4RAhMS0Qn78y8,Mekatos La 65,0,6.2128153,-75.5866016,6.21416923029,-75.5852734197,6.21147126971,-75.5879713803
3,1,Medellin,Poblado,OK,488142b9ef70bf40c2c1fd83b56362cf5f0e6ab3,ChIJV_ho8SkoRI4RIPad4Ks_H9I,Lupe,0,6.2079893,-75.5679801,6.20941818029,-75.5665882697,6.20672021971,-75.5692862303
4,1,Medellin,Poblado,OK,aa01c7a4f132045f39e9ba790b58a7fbd54ffca4,ChIJx2v1JyooRI4RkKlWDMl0T94,Bar Bourbon,0,6.20901,-75.56843,6.21035898029,-75.5670810197,6.20766101971,-75.5697789803
5,1,Medellin,Poblado,OK,9085a5ab203336af4816192f11813837c06714c5,ChIJsbL7fykoRI4RGVPtaUDoTtg,zona 10,0,6.2097562,-75.5683914,6.21113073029,-75.5670323697,6.20843276971,-75.5697303303
6,1,Medellin,Poblado,OK,bb2c88e448376c40befe7391c59494863a7d6b6d,ChIJGSMP8CkoRI4R9PIv6b0BkZM,Jamrock Bar,5,6.2082035,-75.5675865,6.20952128029,-75.5661571697,6.20682331971,-75.5688551303
7,1,Medellin,Poblado,OK,ec4226b5c667b77e3c31c6e1ca7a0b320f0f4e39,ChIJNwlQASkoRI4RLE2RqbGpVP0,Carmen,4.4,6.209964,-75.565669,6.21129693029,-75.5642761697,6.20859896971,-75.5669741303
8,1,Medellin,Poblado,OK,2cdbad9df64d6faaee0d9e730df4e996704fd637,ChIJU50sCyUoRI4RXRFASyqT-fs,San Carbón,4.5,6.21485,-75.561098,6.21619898029,-75.5597490197,6.21350101971,-75.5624469803
9,1,Medellin,Poblado,OK,eff0207573e66f931956411a8b855c9ea0dce5b2,ChIJz1IA2NIpRI4ReEvYX4pwVeA,Bar El Solar,3,6.2150818,-75.5749834,6.21642363029,-75.5735476197,6.21372566971,-75.5762455803
10,1,Medellin,Poblado,OK,a577860a41c9efb3b14fc2e571c59bab64997062,ChIJVVtSkikoRI4RU6e_Cn3uiN0,Restaurante Basílica,3.7,6.2087157,-75.5676485,6.21006393029,-75.5662974697,6.20736596971,-75.5689954303
11,1,Medellin,Poblado,OK,190552737b5fea3f6d23d0ef8750dfba1cc4289a,ChIJ7Rg1-ykoRI4RFLhuS_ov1UM,Hooters Medellín,4.1,6.207674,-75.567561,6.20903103029,-75.5662312697,6.20633306971,-75.5689292303
12,1,Medellin,Poblado,OK,bdf72b53bd0dad792df23b48037f9d69190e6675,ChIJ77nAmYKCRo4RhJzA9msoFnU,Restaurante Mistura Provenza,4.4,6.2064674,-75.5643125,6.20781793029,-75.5629586197,6.20511996971,-75.5656565803
13,1,Medellin,Poblado,OK,4d7ac55f70934a4e57ff3228824f8f4eaacb0313,ChIJtY-BXCooRI4RXsB2lfZfp-8,Morena (El Museo Colombomexicano),4.6,6.207959,-75.567945,6.20930348029,-75.5665836697,6.20660551971,-75.5692816303
14,1,Medellin,Poblado,OK,0daf675170be9ac94f0d8a4465db4f9f74af2c5e,ChIJebEL-SkoRI4RcXaj3HEEDJU,La Octava Bar,4.7,6.2075854,-75.568191,6.20894408029,-75.5668337197,6.20624611971,-75.5695316803
15,1,Medellin,Poblado,OK,d66f4149499629f48ef958495bbdc956d5384379,ChIJrZawviooRI4RSzUuHINXVEM,Restaurante Hummus Grill & Wine,4.4,6.2083547,-75.5731169,6.20966943029,-75.5717759697,6.20697146971,-75.5744739303
16,1,Medellin,Poblado,OK,e7c0eb39d7537105ca6a1c889b916e2c35c90195,ChIJCe3ifikoRI4RP_Z94x3tVJ8,Bar El Blue,4.5,6.209781,-75.5681742,6.21111938029,-75.5668293697,6.20842141971,-75.5695273303
17,1,Medellin,Poblado,OK,a6d355770f01b4afee4f0a5702e1bbdbec81b245,ChIJRelu3SkoRI4RVUM4Vd0z8Ok,Tinto Tintero café bar,4,6.210938,-75.571078,6.21228223029,-75.5697128697,6.20958426971,-75.5724108303
18,1,Medellin,Poblado,OK,14428343d4c7ccdc37493c659e07af86aa4e9164,ChIJsdK0_yooRI4R3SLRo1_xQQ8,Latineria,4.3,6.2099726,-75.5713607,6.21132158029,-75.5700117197,6.20862361971,-75.5727096803
19,1,Medellin,Poblado,OK,4bab073e11d7ddba52d2d1f7ab9aa52edc74d097,ChIJo0rkBSkoRI4RKoVgJe-QgAQ,Rubor Barra Dance,3.5,6.2101085,-75.5662259,6.21146233029,-75.5648895697,6.20876436971,-75.5675875303
20,1,Medellin,Poblado,OK,552a515f6a83a47f306245f39716256d9b504152,ChIJjekrsykoRI4R5VqUzoazgCU,Mokana Bar,4.2,6.2088076,-75.5654803,6.21042023029,-75.5639519197,6.20772226971,-75.5666498803
21,1,Medellin,Poblado,OK,958fdbf50d56e55163a423613f41da78d82ce7d4,ChIJVXMcLCgoRI4RXngpIqnJQCg,Bogotá Beer Company,4.5,6.2074695,-75.5653064,6.20883858029,-75.5638913197,6.20614061971,-75.5665892803
22,1,Medellin,Poblado,OK,5485ad067fe64a6d9ca12646aaaba030afeecf0c,ChIJlYYMiIKCRo4RABARTwxAofw,Sindominio Artbar,5,6.2064,-75.565434,6.20775308029,-75.5640728197,6.20505511971,-75.5667707803
23,1,Medellin,Poblado,OK,1df5310c855b1c7630605837aeb3faf42e5f8365,ChIJ6cNCzikoRI4R71Ms2BxVfUg,La flauteria,0,6.2078437,-75.5659768,6.20917588029,-75.5645908697,6.20647791971,-75.5672888303
24,1,Medellin,Poblado,OK,9b889b0e0852f6b84a7f28264877879943f68732,ChIJVdJCyikoRI4Ru-EbiwumVLY,Mojito Salsa Guaracha y Son.,4.5,6.2082766,-75.5657428,6.20963088029,-75.5644073197,6.20693291971,-75.5671052803
25,1,Medellin,Poblado,OK,4c556e1c497078c684dc60a5e6351b3043851c40,ChIJWxwBzCkoRI4RJuPtaaE8bbw,Altagracia Café/Bar,5,6.208245,-75.5658432,6.20957618029,-75.5644481197,6.20687821971,-75.5671460803
26,1,Medellin,Poblado,OK,e889333d5a34ff4cc6d0d11d1bb9b34078bd6de1,ChIJWWii0SkoRI4RcaBsPS4kfFU,AltaGracia Café/Bar,4.6,6.2082401,-75.5658312,6.20957363029,-75.5644421697,6.20687566971,-75.5671401303
27,1,Medellin,Poblado,OK,da5998129a273d20bcf6892615fb3da16ed07b45,ChIJd7cWyikoRI4RmauPHhkEEK8,Cubata Bar,4.5,6.2083046,-75.5658152,6.20963628029,-75.5644221197,6.20693831971,-75.5671200803
28,1,Medellin,Poblado,OK,5b130d348607a794e21ca142ebc81dde43e87a03,ChIJFz1RTigoRI4RucjDiZDThtU,savannah city bar restaurante,3.8,6.2088533,-75.5649998,6.21018803029,-75.5636190197,6.20749006971,-75.5663169803
29,1,Medellin,Poblado,OK,2f52553d4d6163e8a3a47f13d4362f6173db98a2,ChIJT9CXxCkoRI4RWgx0fHHVU50,heard from,4.1,6.2078254,-75.5665516,6.20917723029,-75.5652152197,6.20647926971,-75.5679131803
30,1,Medellin,Poblado,OK,dcf47a4bf562813c7be453989336c35373636432,ChIJz93C7SkoRI4ReJF2sB3HdP0,Antiguo Jamrock,3,6.208207,-75.566496,6.20953853029,-75.5651001197,6.20684056971,-75.5677980803
31,1,Medellin,Poblado,OK,6e9fdff69e3686926b3b0c795a5cb400a7490fd1,ChIJ-8XP5ikoRI4RbGXZfyvahi4,37 Park,4.4,6.2075837,-75.5671295,6.20895663029,-75.5658333697,6.20625866971,-75.5685313303
32,1,Medellin,Poblado,OK,2775a1304e7f4290dff06ef2440892361c53f235,ChIJozGf4ykoRI4RIJvSDLU8ToU,LA CURVA BAR,4.4,6.2075169,-75.5673327,6.20886588029,-75.5659837197,6.20616791971,-75.5686816803
33,1,Medellin,Poblado,OK,bf12dafbef8ddc7a0395675e0b34f8603f7103d5,ChIJz33pvSkoRI4RHbiK-IGJEbQ,Envy Sushi Bar,4,6.2087796,-75.5668921,6.21012398029,-75.5655448697,6.20742601971,-75.5682428303
34,1,Medellin,Poblado,OK,6eb15442692a5d6f5bee642bc51f25a09001cd51,ChIJywXK5CkoRI4REfSaHo6xXCc,La Central Bar,4,6.2082037,-75.5672585,6.20957673029,-75.5659714197,6.20687876971,-75.5686693803
35,1,Medellin,Poblado,OK,5dc8e4871dadc05634865b0c5b4ca23563f54b07,ChIJAa567CkoRI4RKt8qX61DqOM,Chupitos,4.3,6.2082115,-75.5673779,6.20955583029,-75.5660169197,6.20685786971,-75.5687148803
36,1,Medellin,Poblado,OK,07d0a34b1a32565264d7f53a365a9776eea675b5,ChIJz33pvSkoRI4Rp3jsj_c-VNw,Envy rooftop,4.5,6.2088896,-75.567057,6.21023858029,-75.5657080197,6.20754061971,-75.5684059803
37,1,Medellin,Poblado,OK,6ae1ae30f36d1c4f5c07fd906f270ab19dc22ab8,ChIJzyWglCkoRI4RTfYoXPlHe7E,Basilica,3.8,6.2084883,-75.5673259,6.20990923029,-75.5661697197,6.20721126971,-75.5688676803
38,1,Medellin,Poblado,OK,6904f3dd64cc6c024ac4eeaf9f6ec2262b281e3c,ChIJeXm3pikoRI4RQRkGnTuOPGs,BarChiquita,4.7,6.209425,-75.5665628,6.21077878029,-75.5652257697,6.20808081971,-75.5679237303
39,1,Medellin,Poblado,OK,563e15f23291bec4cc16da15c61acee3d9ad82d4,ChIJXTeqpikoRI4RSKjD3927Lis,Jenson's Bar,0,6.209364,-75.566588,6.21071298029,-75.5652390197,6.20801501971,-75.5679369803
40,1,Medellin,Poblado,OK,50ddc35b9c3ff13673341d54d0e04a86c03bd71b,ChIJL2Ky_CkoRI4R1CC4nQz0Tis,Pub Rock Lleras,4.8,6.2074083,-75.5677097,6.20875233029,-75.5663488197,6.20605436971,-75.5690467803
41,1,Medellin,Poblado,OK,10a1b52ccfd51b701715db908ab7f4419c2cef9e,ChIJd9Yl_SkoRI4RY19SKQJNgXU,Pa' Entro Fonda Bar,0,6.2072716,-75.5677531,6.20861993029,-75.5664023697,6.20592196971,-75.5691003303
42,1,Medellin,Poblado,OK,c5a9f2a0ea2694ea8268b2a899de9ab45b336d0c,ChIJ0bOJoikoRI4RyEEFnGeDR28,ADDICT SHOTS,4.5,6.2091972,-75.5669119,6.21055128029,-75.5655608697,6.20785331971,-75.5682588303
43,1,Medellin,Poblado,OK,589e87db737c47540b1e4e74f195d94515c26493,ChIJsVPAkykoRI4Rr9V73br8HNg,ay caramba The original TEX MEX,3.5,6.2086633,-75.5674342,6.21003958029,-75.5660733197,6.20734161971,-75.5687712803
44,1,Medellin,Poblado,OK,49c8b395f01dfb9602627069725f62060c04dac0,ChIJF4PH85ApRI4Rx5wOlKM1ljU,La Sagrada Tienda Fonda,4.5,6.207873,-75.56795,6.20922608029,-75.5666122697,6.20652811971,-75.5693102303
45,1,Medellin,Poblado,OK,59d60e204f9a6848d277fe4fdb0a06947723897d,ChIJC2bDKDcoRI4Rn42144DWoxw,SkyBar Medellín,4.3,6.2083497,-75.5678544,6.20969798029,-75.5665034697,6.20700001971,-75.5692014303
46,1,Medellin,Poblado,OK,78125ccf5041b86554728f01b15beafe9c9e719a,ChIJtwHN8ikoRI4RMa_dp1c7v-Y,Juan Bala Fonda,3.4,6.2084337,-75.5678444,6.20977478029,-75.5664743697,6.20707681971,-75.5691723303
47,1,Medellin,Poblado,OK,49b46611c465870e7dfcecfb0a49b5c1099757e3,ChIJ7cX7jvkoRI4REsqc6fBK74o,Mi Lupe Lleras,3,6.2084477,-75.5678232,6.20979668029,-75.5664742197,6.20709871971,-75.5691721803
48,1,Medellin,Poblado,OK,359a2bec4b91ed85610bc38c44f0bee0dd02bd64,ChIJFRRr-SkoRI4RyCoD4tehKnc,La Clínica Lleras,4,6.207555,-75.56812,6.20890398029,-75.5667710197,6.20620601971,-75.5694689803
49,1,Medellin,Poblado,OK,b01892805c8522fc46328913e31a00ae3102ed28,ChIJ1Za3mykoRI4R4jQRfeXfnhs,Donde Aquellos Bar,4.3,6.209255,-75.567433,6.21060818029,-75.5660957697,6.20791021971,-75.5687937303
50,1,Medellin,Poblado,OK,216aa9275a9edf12e653def125e8d8072a6bced9,ChIJP4WXmykoRI4R9sSs9UE47VM,IWANNA ICE,4.7,6.2093079,-75.5674678,6.21066528029,-75.5661425697,6.20796731971,-75.5688405303
51,1,Medellin,Poblado,OK,db2188cf911a9a5d0bdddc8866db842bbe0225da,ChIJjddanCkoRI4R4PVyTJnndow,Baren,4.3,6.209625,-75.567382,6.21097228029,-75.5660284697,6.20827431971,-75.5687264303
52,1,Medellin,Poblado,OK,4f9fd2de3d8e7a20c2d5bed77da8653211aa8ac2,ChIJOytA9ikoRI4RggVGQbqwzJo,Donde Su Madre,4.4,6.2080328,-75.5683233,6.20937753029,-75.5669621697,6.20667956971,-75.5696601303
53,1,Medellin,Poblado,OK,2cd7473fc05813517ff9106288f32b65270eb8a8,ChIJUy8S-CkoRI4Rv1hsF6ba-gg,LA CHINGONA,4,6.207746,-75.568358,6.20910498029,-75.5670450197,6.20640701971,-75.5697429803
54,1,Medellin,Poblado,OK,622877c0f4f3cbab85b6baad3d6cc26b6a395936,ChIJBWro5ygoRI4RDykse088WY8,Bruno Forno e Vino,4.3,6.2108289,-75.5647606,6.21217728029,-75.5633937197,6.20947931971,-75.5660916803
55,1,Medellin,Poblado,OK,90069651358409a3998fc1e862919dc52f75a22e,ChIJZw209SkoRI4RQMWUNcp-pIU,Donde Chepe DOS,0,6.2082109,-75.5682609,6.20955988029,-75.5669119197,6.20686191971,-75.5696098803
56,1,Medellin,Poblado,OK,ed929460df865d2d68d8c38e8f3f9e9091681cda,ChIJSUJ2-CkoRI4RfVfQUpRx2D8,La Terraza Medellín,3.7,6.207688,-75.5684179,6.20903728029,-75.5670700197,6.20633931971,-75.5697679803
57,1,Medellin,Poblado,OK,5b834032c364d0e96f9fdeb79c552bc2e38a44e9,ChIJMcnX9ykoRI4RWnS7Xvn4uxY,Oye Bonita del Lleras,4,6.207942,-75.568372,6.20928153029,-75.5669958197,6.20658356971,-75.5696937803
58,1,Medellin,Poblado,OK,9f8430f8437b6d89ba8e9af19f9490e4730ae360,ChIJfRdhiSkoRI4RYjN6Nu_mLg4,Beer Store,4.1,6.2087693,-75.5681668,6.21010573029,-75.5667814697,6.20740776971,-75.5694794303
59,1,Medellin,Poblado,OK,e4e932c22a6a294392515226e54e828b6f8a5203,ChIJ9dyLhikoRI4R1IEZoWSmNOo,Bar Restaurante Divino Cielo,4.6,6.209252,-75.568132,6.21060033029,-75.5667833197,6.20790236971,-75.5694812803
60,1,Medellin,Poblado,OK,cb33a08ce54ebdbfb16e8e6fd3cb9288a7eb65a3,ChIJu6FXgikoRI4RLxASE9Snyas,Midnight Bar,4.4,6.2095885,-75.5678901,6.21093858029,-75.5665407197,6.20824061971,-75.5692386803
61,2,Medellin,Centro,OK,428d10af39bc07a30711bef74fcb108b718090e8,ChIJ32-qAtopRI4RAhMS0Qn78y8,Mekatos La 65,0,6.2128153,-75.5866016,6.21416923029,-75.5852734197,6.21147126971,-75.5879713803
62,2,Medellin,Centro,OK,d6eada44e43c2e2441ad966be1b5956e54477d03,ChIJQZIBZ0woRI4Rg8sDNVGGObI,El Oso Negro,3.4,6.2341108,-75.5707155,6.23545978029,-75.5693665197,6.23276181971,-75.5720644803
63,2,Medellin,Centro,OK,4fe7934e57ad21073f6b933e9c7049551f6b1566,ChIJlS43fpcpRI4RianzCuqodkI,Underground,3.9,6.2389606,-75.6006578,6.24027473029,-75.5993076197,6.23757676971,-75.6020055803
64,2,Medellin,Centro,OK,e5eb0de8c6b88817e6999fb5aefdb74c9377ed3f,ChIJueG9G64pRI4R3mM0H_HGaM4,lunalunera medellin,3.4,6.239383,-75.581172,6.24073198029,-75.5798230197,6.23803401971,-75.5825209803
65,2,Medellin,Centro,OK,56aba8863c8ab7597be47be1a4e234a9a79aac89,ChIJIVN8PAgpRI4RUvzE747ViOw,The Wandering Paisa,4.4,6.249808,-75.587443,6.25113443029,-75.5860967697,6.24843646971,-75.5887947303
66,2,Medellin,Centro,OK,3fc487fe4f4fe396170804f208a46c50b1e4498b,ChIJKeX95a8pRI4R8U_FUdki8z0,NUESTRO BAR,4.2,6.2391879,-75.5847677,6.24062798029,-75.5834219697,6.23793001971,-75.5861199303
67,2,Medellin,Centro,OK,31cf8c0a276b444ea9eb2400bf257f5278e6b302,ChIJtewMuBEpRI4RfpFTWbVYloI,Viva Discoteca,3.9,6.26068,-75.58961,6.26202898029,-75.5882610197,6.25933101971,-75.5909589803
68,2,Medellin,Centro,OK,a845d75cb67077001bd7ae003f7d4b95c5c3a74f,ChIJ7V9VR_koRI4RfGZenTbGUoQ,Licorera Nutibara,0,6.2522877,-75.5673393,6.25363668029,-75.5659903197,6.25093871971,-75.5686882803
69,2,Medellin,Centro,OK,eff0207573e66f931956411a8b855c9ea0dce5b2,ChIJz1IA2NIpRI4ReEvYX4pwVeA,Bar El Solar,3,6.2150818,-75.5749834,6.21642363029,-75.5735476197,6.21372566971,-75.5762455803
70,2,Medellin,Centro,OK,4613e2acbf1ce068e22f5bcb2574a4ae6a967ca5,ChIJy-nF-JkpRI4RaHGze8ad5i8,ALBENZU Restaurante Bar,4.4,6.2394545,-75.6030674,6.24080233029,-75.6016866697,6.23810436971,-75.6043846303
71,2,Medellin,Centro,OK,ea2696b033237e8857ad1dc3559f638255cad3d2,ChIJmyvuVL0pRI4RiQgK9H-YVSE,Vértigo Bar,4.3,6.2391246,-75.5979537,6.24047358029,-75.5966047197,6.23777561971,-75.5993026803
72,2,Medellin,Centro,OK,06ec43ce0f6d6872382bf5138bd25b37919fd2be,ChIJvxLfFRMpRI4RxOTh9wQmhFg,Casa di Mazza,4,6.263043,-75.596034,6.26436863029,-75.5946372697,6.26167066971,-75.5973352303
73,2,Medellin,Centro,OK,9622a0720576b6468bc27f1a39266d0114bad2d9,ChIJt8Fiv5YpRI4Rh29jjitqzQY,Albenzu ® Restaurante - Bar,4,6.2351758,-75.6021273,6.23652348029,-75.6008140697,6.23382551971,-75.6035120303
74,2,Medellin,Centro,OK,536593ec4e55d1a866bd2b17b69739db9b05852d,ChIJEbyX_qUpRI4RpfaRtVVLXbw,café restaurante bar luna more,4.6,6.2437986,-75.5868873,6.24518828029,-75.5855028197,6.24249031971,-75.5882007803
75,2,Medellin,Centro,OK,0f17790289c05a55c7ff474fc0f038292b4ff850,ChIJMU5pUQgpRI4RRNGUGGhfIJE,Fonda Caña Brava,4.3,6.2513522,-75.5884078,6.25269038029,-75.5870152697,6.24999241971,-75.5897132303
76,2,Medellin,Centro,OK,26204f8512260b13262d29985b04299644ef3762,ChIJ5WhOmPooRI4RGtYe3tQ6doY,Centro Cultural Plazarte,5,6.257015,-75.563414,6.25837913029,-75.5620889697,6.25568116971,-75.5647869303
77,2,Medellin,Centro,OK,6fbec8ffdf67855fb607485ffb88d5d24dfdf368,ChIJN0HUwacpRI4RUNpnXEC0fp8,Parche Casa Verde,5,6.2476607,-75.5871458,6.24900483029,-75.5857977197,6.24630686971,-75.5884956803
78,2,Medellin,Centro,OK,f4563c1bee15d3442d5cf139f308ed44c9855f81,ChIJEyQii6cpRI4RHY-VEb3qNQo,RESTAURANTE GRAN PLAZA,4,6.2487905,-75.5874274,6.25013948029,-75.5860784197,6.24744151971,-75.5887763803
79,2,Medellin,Centro,OK,afa73b7e48217e87191edba5fc04ffe6cb4a98bd,ChIJk08RWKYpRI4RjjfWrrHejq0,Mariachis en Medellin Los Reyes de Mexico Mariachis economicos.,4.9,6.245725,-75.588733,6.24708623029,-75.5873815697,6.24438826971,-75.5900795303
80,2,Medellin,Centro,OK,560a44515afc44f8f5484270d79af34bfb0d92e5,ChIJPwpQ_KMpRI4RLiivJMq-R3s,Barrio Central Cafe Bar,4.5,6.2450021,-75.5887749,6.24635933029,-75.5874058197,6.24366136971,-75.5901037803
81,2,Medellin,Centro,OK,20dc3b5c6e2d85b2b13fb207bcd53344363a14af,ChIJcz6896YpRI4ReoxLG84-BIo,BarC2,4.5,6.245692,-75.588917,6.24705848029,-75.5875644697,6.24436051971,-75.5902624303
82,2,Medellin,Centro,OK,4bbd31fef56392641f2604f59aab5af549c488a9,ChIJcRQEfEooRI4R7idY57w49wI,Carboncito Bar,4.1,6.239629,-75.5820642,6.24097798029,-75.5807152197,6.23828001971,-75.5834131803
83,2,Medellin,Centro,OK,7c29a817847d6870fb4ae367e68c1e24ce53103b,ChIJ03xS-aYpRI4RGjxN2g0A5jM,La Tienda de la 70,4.3,6.246105,-75.58912,6.24745978029,-75.5878170197,6.24476181971,-75.5905149803
84,2,Medellin,Centro,OK,2f3151e72eced339ffda541fad64d0337a52e180,ChIJjfkjCqcpRI4RBdOY7GQ6fNI,Melodía para dos,4.5,6.2474234,-75.5889113,6.24877923029,-75.5876222197,6.24608126971,-75.5903201803
85,2,Medellin,Centro,OK,d61ac13fee3bad1e42e7b99dfdc4d82eff13998d,ChIJsekFFa4pRI4RNHJM4VAdmLA,Mariachi Mexicanisimo,1,6.2397361,-75.5811309,6.24102138029,-75.5797788197,6.23832341971,-75.5824767803
86,2,Medellin,Centro,OK,485cc3ac780dc9b2f50c226cbd85e6c9f974ebd5,ChIJp2_g-qYpRI4RllOCCEflygo,Bodega de Licores,4.7,6.246023,-75.589343,6.24736463029,-75.5879354197,6.24466666971,-75.5906333803
87,2,Medellin,Centro,OK,2395780acd03bff458dfd1e1f539dcf6847cf3c7,ChIJZwHY8a8pRI4R3Cb8IdMbTEc,TROPICAL COCTAILS LAURELES,0,6.2394313,-75.5851623,6.24076753029,-75.5838127697,6.23806956971,-75.5865107303
88,2,Medellin,Centro,OK,5bd6d20a1457f936f949ce3343584f3618e03553,ChIJ5ZtHLQgpRI4RxN1AKGIDKs4,EL CACIQUE BAR,4.4,6.249501,-75.588701,6.25085373029,-75.5873744197,6.24815576971,-75.5900723803
89,2,Medellin,Centro,OK,75a2d2488d202be5ec7bcc26166b548b549acf3d,ChIJ-YwS5q0pRI4R874b52SdeHg,KINGS TOWN,4.8,6.2394368,-75.5794217,6.24085008029,-75.5780735697,6.23815211971,-75.5807715303
90,2,Medellin,Centro,OK,fd3aea416b0e8b98face6ce39172e7b2ed11db4f,ChIJS1HKZKcpRI4RZPUYmausv30,La Cantina de Pancho,5,6.2486203,-75.5895393,6.24998003029,-75.5881715697,6.24728206971,-75.5908695303
91,2,Medellin,Centro,OK,4355f99fc2b39f17fad85a3ab870bf43bd805680,ChIJl5bAaggpRI4RILvRuVLDDbo,El Tibiri,4.5,6.2503207,-75.5886462,6.25170098029,-75.5872933697,6.24900301971,-75.5899913303
92,2,Medellin,Centro,OK,4c9d38a8bf89bc90d757c5c8e266a85f6fcbf5eb,ChIJ88E0JqUpRI4R08Dv-ra7UCI,Bar 4ta Dimensión,3.7,6.2393912,-75.5886117,6.24071518029,-75.5872619197,6.23801721971,-75.5899598803
93,2,Medellin,Centro,OK,281a90e8d2c1d70029df2254b6daa27ce097e1aa,ChIJwQ_qLQQpRI4RLCPUEvthiDI,L'arepa,0,6.254573,-75.5826859,6.25590303029,-75.5813455697,6.25320506971,-75.5840435303
94,2,Medellin,Centro,OK,544487e0a96bd550fc092be490b648272d9e3527,ChIJ73U_faMpRI4RUXAL3BlENV0,Bikini Cocktails Laureles,3,6.2407744,-75.5918047,6.24214213029,-75.5904742197,6.23944416971,-75.5931721803
95,2,Medellin,Centro,OK,2d0a1958ec51e12e7d2206bb0867902d20502f5c,ChIJF0WOoaQpRI4R5f40V-ormGM,Samsara Resto Bar,5,6.2399389,-75.5913828,6.24129648029,-75.5900242197,6.23859851971,-75.5927221803
96,2,Medellin,Centro,OK,a6f71cd3c6bd1ec4f5fbd740781454f8a07138fd,ChIJHb6HqQUpRI4R69B0Y8WobVg,alitacos,5,6.25664,-75.583777,6.25804578029,-75.5824025697,6.25534781971,-75.5851005303
97,2,Medellin,Centro,OK,2da148f094776f4741f57c7e7307ad06c2f91ba8,ChIJ59BL_qApRI4RK_WBILwzlBU,Restaurante Mistura Laureles,4.6,6.2466786,-75.5944166,6.24802758029,-75.5930676197,6.24532961971,-75.5957655803
98,2,Medellin,Centro,OK,06cbde71510f49500777bee53e7c2b14576a3178,ChIJ7XJmVaApRI4RunBzBByspto,Ay Caramba,3.8,6.2467346,-75.5946771,6.24808323029,-75.5932997197,6.24538526971,-75.5959976803
99,2,Medellin,Centro,OK,cb8bda561af88b916fa10585cda2c0ba2abced0b,ChIJGxEKoAMpRI4RBONLNoGQZwg,Eventos y Chef a Domicilio,4.1,6.2564694,-75.5785406,6.25793113029,-75.5771308697,6.25523316971,-75.5798288303
100,2,Medellin,Centro,OK,eee75d20cc7f88d9ab658df97c0400c3032531b7,ChIJzxLlrKEpRI4Rz8P5EsmB6Jc,Mezzaluna salad bar,4.5,6.2465386,-75.5952609,6.24788758029,-75.5939119197,6.24518961971,-75.5966098803
101,2,Medellin,Centro,OK,7a066c99965cb9307c0c539768e3e65899d3fdc6,ChIJHyZZLaMpRI4RoTGcxxE4MWE,Santa Bebeta,3,6.2388839,-75.5939043,6.24031558029,-75.5925591697,6.23761761971,-75.5952571303
102,2,Medellin,Centro,OK,50a769800c885aae9637c9cd181237b37ca30ce3,ChIJ-YSQRwUpRI4RXFM_4kUB0Gk,Cunachos,2.5,6.258456,-75.5844924,6.25976858029,-75.5831604697,6.25707061971,-75.5858584303
103,2,Medellin,Centro,OK,ebc0f3958e185d696a2f63e7fd7a82d4b12dbd88,ChIJC2uIKqMpRI4RcRyxQscwANs,karaoke palmas 33,4.4,6.2390002,-75.5945693,6.24033633029,-75.5932197197,6.23763836971,-75.5959176803
104,2,Medellin,Centro,OK,f78725195fdd645aa04b9029fea32d1191fe45bc,ChIJT9gstlUoRI4RfH-4DPvOcU4,Salón Málaga,4.6,6.246492,-75.5697828,6.24789538029,-75.5685742697,6.24519741971,-75.5712722303
105,2,Medellin,Centro,OK,d9a3a1c07dbea2721e76ea64de59a29be6d9ec7f,ChIJUc8j-Q8pRI4R54MbKasyCTg,Camino Real de México,2,6.2588746,-75.5860974,6.26019433029,-75.5846873197,6.25749636971,-75.5873852803
106,2,Medellin,Centro,OK,c2266e79c97668a47bf2dfa68baa33a45cfd74b5,ChIJwxPwxFUoRI4RxbF-V2gcgZ4,Universo Rojo,4.6,6.246738,-75.569294,6.24806743029,-75.5679518197,6.24536946971,-75.5706497803
107,2,Medellin,Centro,OK,f632d333d7a5a18f1943728aa5abe02eac1b9ab6,ChIJUR2Ly6IpRI4Rgn4QuKFqSWE,El Barrilito,4.1,6.239111,-75.5957222,6.24045998029,-75.5943732197,6.23776201971,-75.5970711803
108,2,Medellin,Centro,OK,61c85cf0baac24adfaa3e05a382399c69a671560,ChIJL7qVJ_8oRI4R5cVuTratwFw,EL COVACHO,4,6.2510959,-75.5691854,6.25244488029,-75.5678364197,6.24974691971,-75.5705343803
109,2,Medellin,Centro,OK,2d2b9fbba47b0d14dba9a3b23f783c913946f966,ChIJo4NYDA4pRI4RLc1MxeCUJMI,Portal Marinillo,4.2,6.2583745,-75.591281,6.25970508029,-75.5898948697,6.25700711971,-75.5925928303
110,2,Medellin,Centro,OK,14dea86fec7a89ad295f767fde57d62b130d2af3,ChIJVevUrKIpRI4RqYC5s6bBvcc,Teres Café Bar,4.7,6.2390513,-75.5969393,6.24041183029,-75.5955908197,6.23771386971,-75.5982887803
111,2,Medellin,Centro,OK,1a1364d12374bdc5073d2cf2a8ea88e1aab2f45d,ChIJb_Wm2w0pRI4Rlv-0OQpMcew,Hotel Confort Obelisco,4.5,6.2586423,-75.591722,6.25998548029,-75.5903607197,6.25728751971,-75.5930586803
112,2,Medellin,Centro,OK,e6587772ba145b89cb026d9f2b81b485ccf622eb,ChIJwftn_5cpRI4RWJvGNykMbPY,El Grifo Bar,0,6.2388954,-75.5978007,6.24025713029,-75.5964524197,6.23755916971,-75.5991503803
113,2,Medellin,Centro,OK,10a8f43093f66592cbc031bbea09782b86ead113,ChIJlcQn9pcpRI4RfW6EQvDsp6I,LA CANTERA LIQUOR,4,6.2389466,-75.5984877,6.24028278029,-75.5971382697,6.23758481971,-75.5998362303
114,2,Medellin,Centro,OK,d3d5b1711792dd9529c9598494e54b30f76925ab,ChIJadQL6_goRI4REGkIf-mkwT8,gana bar Boyacá,0,6.2498387,-75.5667188,6.25118768029,-75.5653698197,6.24848971971,-75.5680677803
115,2,Medellin,Centro,OK,0c7b4cde4eebc0b9ba46f74ff3ce73fdb0135cac,ChIJ-z4WHpgpRI4RgHNRR_J9x_E,Tortugos,5,6.239014,-75.598707,6.24033813029,-75.5973571197,6.23764016971,-75.6000550803
116,2,Medellin,Centro,OK,a0846d51403f84e2165904042dd57d6c82140704,ChIJf6qx-vgoRI4RH4JR7CD7vlU,Friends Club,0,6.2503699,-75.566209,6.25173513029,-75.5648871197,6.24903716971,-75.5675850803
117,2,Medellin,Centro,OK,8f75e4e545ff056355503f3a41491d491ae54141,ChIJW1q74b0pRI4RRULqbfAgHBQ,Simón Parrilla,4.2,6.2338746,-75.5964084,6.23522498029,-75.5950067197,6.23252701971,-75.5977046803
118,2,Medellin,Centro,OK,968c918afc519661db68c204de9692645a33f20c,ChIJnQG2ivgoRI4RYvQdtkecOjs,Bar Restaurante Hatoviejo Centro,4.8,6.249636,-75.565605,6.25098983029,-75.5642654697,6.24829186971,-75.5669634303
119,2,Medellin,Centro,OK,21ea5dec45444649e4d3d44325a941b48d330542,ChIJNYulvpQpRI4R4IlHg1fBW3o,Fonda Discoteca El Tapial,4,6.2301286,-75.6020304,6.23147788029,-75.6006719697,6.22877991971,-75.6033699303
120,2,Medellin,Centro,OK,a545cd6bdc90cdc52fa72fd8d259df5e903a38f4,ChIJy9jtfZcpRI4Rp4CTKyLxZ1Q,Citrus Bar,4.7,6.2389543,-75.6008714,6.24026798029,-75.5995212197,6.23757001971,-75.6022191803
121,3,Bogota,ZonaRosa,OK,d9f6e220951cea0c94b38098d4447f3814ce207e,ChIJCcFvVmqFP44RKaGa2Szj6cI,Lancaster House,4.1,4.6947565,-74.05541,4.69610548029,-74.0540610197,4.69340751971,-74.0567589803
122,3,Bogota,ZonaRosa,OK,d3fc00f61c3b753adb0e8d8d19622fc5c23a7c9c,ChIJO_5GJ5GaP44R1dWA5h03Ffo,Hotel Movich Chico 97,4.5,4.680843,-74.0460317,4.68218233029,-74.0446641197,4.67948436971,-74.0473620803
123,3,Bogota,ZonaRosa,OK,4f699a83224d3341eb8fd9f38d2e2e3540747c79,ChIJCbP2WfWaP44RXkMkzGltsAo,Andrés DC,4.4,4.666205,-74.054518,4.66755398029,-74.0531690197,4.66485601971,-74.0558669803
124,3,Bogota,ZonaRosa,OK,8742a871c51f4783c9cf36a2cb6ab2a94dfcee37,ChIJB-tLPZKaP44RuPSiGej_8Zg,Bardot,0,4.6773938,-74.04838,4.67874278029,-74.0470310197,4.67604481971,-74.0497289803
125,3,Bogota,ZonaRosa,OK,c8a4620972d4998212d403c1cf38d9771c3919f5,ChIJCZp6xfSaP44RP4YQ7xqpwFk,Pachanga,0,4.6692897,-74.0543197,4.67063868029,-74.0529707197,4.66794071971,-74.0556686803
126,3,Bogota,ZonaRosa,OK,59a56eebf7e44e8aa1d55286f8f7587b4f550691,ChIJE_a1542aP44RCnaEO4hJuys,Palco 93,0,4.67494,-74.04828,4.67628898029,-74.0469310197,4.67359101971,-74.0496289803
127,3,Bogota,ZonaRosa,OK,7fb13d3536a7af6cc4363f3ea602462cadcc45a0,ChIJF-rfk7aaP44RM4Zfzhz6TxY,Full 80's 118,4.3,4.70006,-74.049601,4.70140758029,-74.0482438697,4.69870961971,-74.0509418303
128,3,Bogota,ZonaRosa,OK,02e3ad207d60e40f811dc40df857efa73bace525,ChIJrcVQZ_WaP44Rr0CwNsfTygA,Tresor Lounge Bar,0,4.6665661,-74.0550018,4.66794293029,-74.0536994197,4.66524496971,-74.0563973803
129,3,Bogota,ZonaRosa,OK,289f8e2539390b6ce7f79214cf259190cba8abd9,ChIJFYYLVpGaP44RstPeDwlDUc4,Restaurante Gaira Café,4.4,4.6807501,-74.047755,4.68170843029,-74.0459025197,4.67901046971,-74.0486004803
130,3,Bogota,ZonaRosa,OK,d91762f2f4817bcdc89e3012931d74a1762a398d,ChIJtdmq6IqaP44RPf1YdCKZGLE,Apolo's Men,4.4,4.668137,-74.051753,4.66948598029,-74.0504040197,4.66678801971,-74.0531019803
131,3,Bogota,ZonaRosa,OK,b0ecbf5abdac3e103b6455b409c14158cd86c3d9,ChIJIbiGXvWaP44R9u_YXpWCbS0,Spin,4,4.66651,-74.05478,4.66785898029,-74.0534310197,4.66516101971,-74.0561289803
132,3,Bogota,ZonaRosa,OK,da822d01ffbddddb50d88c4cea66ef4c557b8630,ChIJRUE_HZqaP44R5h_yU2XXGGE,Juan Valdez,4.2,4.6806589,-74.0412359,4.68222048029,-74.0397675197,4.67952251971,-74.0424654803
133,3,Bogota,ZonaRosa,OK,eafc7dd8f19c0b94270c56acd894df941aba9c03,ChIJY0T30pCaP44RxF6VIydhJ8M,Terraza del Valle,0,4.6807715,-74.0440643,4.68215683029,-74.0427875697,4.67945886971,-74.0454855303
134,3,Bogota,ZonaRosa,OK,7a45473854f3501e7541b2c4fbbbc2d103ec1224,ChIJCZVSevWaP44Ravu0WTrkVTk,Yazta,0,4.6666808,-74.0557963,4.66796553029,-74.0544899697,4.66526756971,-74.0571879303
135,3,Bogota,ZonaRosa,OK,fbbb477e253cfd3603d8fe01564cda05f04e5967,ChIJySSlvV-aP44RXCAcazD0e9s,Mar De Fondo,0,4.6648547,-74.0554154,4.66620368029,-74.0540664197,4.66350571971,-74.0567643803
136,3,Bogota,ZonaRosa,OK,60c9de0eed20b03d79f7f06fd4919277fd39519b,ChIJWbh3NPWaP44Rqh_8tZp5wME,Irish Bar,4.4,4.6676764,-74.0536773,4.66906023029,-74.0523800197,4.66636226971,-74.0550779803
137,3,Bogota,ZonaRosa,OK,5f8cb3cc722a69b6e8ad76c8302e6c1e1ffb5959,ChIJJfMHBreaP44R5r_xNzWIiOA,Viva Brasil Rodizio,4.2,4.69798,-74.050317,4.69931433029,-74.0488798197,4.69661636971,-74.0515777803
138,3,Bogota,ZonaRosa,OK,e5f365439fb43f478536f0552b758982a73d1dff,ChIJJXV9BAiQP44Rj_ngrpzkkWc,El Rodizio,4.5,4.6951427,-74.0296427,4.69651358029,-74.0282857197,4.69381561971,-74.0309836803
139,3,Bogota,ZonaRosa,OK,8ebab1a8167034b34d9ca7e132b473ce3ad57f5f,ChIJk61CN_WaP44RLE2NnngVnW8,Casa De La Cerveza,4.1,4.667738,-74.054389,4.66908698029,-74.0530400197,4.66638901971,-74.0557379803
140,3,Bogota,ZonaRosa,OK,61cb8cf8f321ee98a741e980a0bd8da3fdfc2f32,ChIJ2QD9kqeaP44RUrDl5aE415A,KATHMANDU,4.4,4.694282,-74.030872,4.69564858029,-74.0295618197,4.69295061971,-74.0322597803
141,3,Bogota,ZonaRosa,OK,f8186e7433be519436aac9a31a39d2f34445234f,ChIJ32MxZq2aP44RwhG6OFfo0Bk,Clinica La Carolina,4.2,4.7044,-74.04109,4.70560078029,-74.0396896197,4.70290281971,-74.0423875803
142,3,Bogota,ZonaRosa,OK,d4fadd91dca14ea31aed88619f722a133a886a5b,ChIJ12o91oqaP44Rk6PznLeCoJ8,La Hamburgueseria,4.3,4.6687326,-74.0531646,4.67008158029,-74.0518156197,4.66738361971,-74.0545135803
143,3,Bogota,ZonaRosa,OK,4bee96d7c2769756d7d6431b57bbea7b7530b006,ChIJh-LkWvWaP44REqQs27cR4Lc,Tribeca,3.7,4.6738998,-74.053578,4.67521783029,-74.0521718697,4.67251986971,-74.0548698303
144,3,Bogota,ZonaRosa,OK,322ffd0c2b7085e753c7bd26b46466ccdde35804,ChIJ3cBTzbCaP44RidpoCMOwrjs,Beer Station 116,4.4,4.6963791,-74.0441102,4.69776618029,-74.0427471197,4.69506821971,-74.0454450803
145,3,Bogota,ZonaRosa,OK,7caad02c8e33f515842429b5812d21d282e374f6,ChIJiQ1r06iaP44RCQZMLSUzMMg,Tienda de cafe,4.3,4.6954515,-74.03061,4.69678008029,-74.0292682197,4.69408211971,-74.0319661803
146,3,Bogota,ZonaRosa,OK,31f1a5e16f20857f569cefb13f0534152d5d8229,ChIJ7UZv5I2aP44Rck7jbtZeEgU,Galería Café Libro,4.3,4.67522,-74.04807,4.67656898029,-74.0467210197,4.67387101971,-74.0494189803
147,3,Bogota,ZonaRosa,OK,6de5f8454cb6a791a965f3384b64e1b5e98a4ba8,ChIJweNVAKiaP44RhzSW8hYiE04,bistronomy,4.3,4.6956159,-74.0302918,4.69697293029,-74.0289603697,4.69427496971,-74.0316583303
148,3,Bogota,ZonaRosa,OK,07a6bf285456031741f9d08d49812ef49d58d23a,ChIJqapO4PSaP44RDhKyQbDwU-4,La Villa,4.1,4.6688895,-74.0552013,4.67023843029,-74.0538521697,4.66754046971,-74.0565501303
149,3,Bogota,ZonaRosa,OK,a0a539969b1ffe5b6a01fd2e2effed4bf677fdd8,ChIJ_5GqPZKaP44RYlgGAwzwA7I,Balché Wine Bar,0,4.6774646,-74.0485489,4.67881358029,-74.0471999197,4.67611561971,-74.0498978803
150,3,Bogota,ZonaRosa,OK,462ce339ef3862d73faf3121000b7943c6cbe3d8,ChIJ-3NqNvWaP44R_qWzZQD08Ic,Voila,0,4.6676817,-74.0540341,4.66903068029,-74.0526851197,4.66633271971,-74.0553830803
151,3,Bogota,ZonaRosa,OK,5cd189ed23895e706bbbf0bc86035891a3e5c0af,ChIJac7rHwiQP44R7rdMw6o9ZRA,LA PUERTA DE ALCALA,4.4,4.6944173,-74.030095,4.69577548029,-74.0287430697,4.69307751971,-74.0314410303
152,3,Bogota,ZonaRosa,OK,5120c3212d2f726b348916201e585aa272a91a90,ChIJtylzwkOFP44RQdYz-PH1vG0,Bogota Beer Company Cedritos,4.4,4.72228,-74.04663,4.72362898029,-74.0452810197,4.72093101971,-74.0479789803
153,3,Bogota,ZonaRosa,OK,7a395e8280ad7660cd234e652553075367a4fd0b,ChIJ6-8qwqeaP44Rkkoe2914LYU,The Irish pub,4.4,4.694752,-74.031578,4.69610353029,-74.0302338197,4.69340556971,-74.0329317803
154,3,Bogota,ZonaRosa,OK,37a662a5283164a418b6f5ee440155ef358e1ba9,ChIJDwvBZvWaP44RvEqQMJT8tow,Rock Garden Pub,0,4.6957331,-74.0303717,4.69706673029,-74.0289888697,4.69436876971,-74.0316868303
155,3,Bogota,ZonaRosa,OK,f5a4fcb7e9220e7da197cbd590685a5d2d508b3a,ChIJjYdg9o2aP44RiBB4kB_DF8Y,The Red Lion English pub,4.3,4.675707,-74.048749,4.67706768029,-74.0474226697,4.67436971971,-74.0501206303
156,3,Bogota,ZonaRosa,OK,97890fd32903fc8d39004fd1c663b321e94b62c3,ChIJdbBi_QeQP44RTfZN9PbOJ-4,Santo Pecado,4.3,4.6955714,-74.0294127,4.69690533029,-74.0280259697,4.69420736971,-74.0307239303
157,3,Bogota,ZonaRosa,OK,77522ec8e8436eae9d8075d9239300bf364c14ab,ChIJ2XHeV7aaP44RxIXfFqeoSTc,Plaza México,4.3,4.6991643,-74.0505153,4.70033443029,-74.0491966197,4.69763646971,-74.0518945803
158,3,Bogota,ZonaRosa,OK,7ecff70406782f6f99dbf3e7a7833cfa96d59f8c,ChIJs8OspfWaP44RxcbT6_Z4KaE,Café Y Crepes,4.6,4.6680386,-74.0570261,4.66938758029,-74.0556771197,4.66668961971,-74.0583750803
159,3,Bogota,ZonaRosa,OK,7b135870b91429dc333e8f57e8e195c8970b79aa,ChIJs_rqWfOaP44RxOZEKq-fgbc,Night Club Éxtasis,4.1,4.6712478,-74.0544819,4.67259678029,-74.0531329197,4.66989881971,-74.0558308803
160,3,Bogota,ZonaRosa,OK,fbc14fe9f21dedc834aa58425c1fab0593ee8235,ChIJI5n631uaP44RPUKMBXFCT7o,Revolution Bar,3.8,4.6613208,-74.0611541,4.66266978029,-74.0598051197,4.65997181971,-74.0625030803
161,3,Bogota,ZonaRosa,OK,b37b558c66a960af0b5b4d973dc92b34ea8ba9ad,ChIJuzzq842aP44R-yJORcORx3w,La Xarcuteria 93,4.6,4.675738,-74.048911,4.67703268029,-74.0475330697,4.67433471971,-74.0502310303
162,3,Bogota,ZonaRosa,OK,2fe234cd050ea221a8335f4b024daf3169e92c8e,ChIJvYxbLI2aP44Rm0CKDEvgVik,Cavu Club,3.8,4.67408,-74.0533,4.67542898029,-74.0519510197,4.67273101971,-74.0546489803
163,3,Bogota,ZonaRosa,OK,a3a12aff6fbbb114e6087dfbca3736ca3f151e9f,ChIJi_wiXLaaP44RIVIoKFgVAy4,Jawa,4.4,4.699629,-74.0509633,4.70100538029,-74.0496100697,4.69830741971,-74.0523080303
164,3,Bogota,ZonaRosa,OK,ec015b98c9fa63a7fa701502b6ffe607b70bc1ae,ChIJ06gFt_SaP44ROPxZd0ZyftY,El Df,0,4.67013,-74.0541,4.67147898029,-74.0527510197,4.66878101971,-74.0554489803
165,3,Bogota,ZonaRosa,OK,dc41f314347441a3cae188cf9d08a12e7b3c01c1,ChIJZdaBzrCaP44RakmnePDtXFk,Cantares,4.1,4.6975594,-74.0472977,4.69890838029,-74.0459487197,4.69621041971,-74.0486466803
166,3,Bogota,ZonaRosa,OK,a9fb6a8b85c4856b970daf813806e172d1d47d1e,ChIJETiFc5KaP44RW4RQZU7zEj4,Tekila,0,4.6764185,-74.0491524,4.67776748029,-74.0478034197,4.67506951971,-74.0505013803
167,3,Bogota,ZonaRosa,OK,3b12dc9829e6840952fde6b7d59aa47b6916477f,ChIJxRfB5_SaP44RtdYfu4Xht5k,Simona,3.9,4.6692976,-74.0550815,4.67058313029,-74.0537639697,4.66788516971,-74.0564619303
168,3,Bogota,ZonaRosa,OK,53bf41e0b21a75cb0c61e4a3f029616796a8aa28,ChIJxSZJ1oqaP44RgImEbNQ7Jik,El Mozo Club,4.3,4.6686875,-74.0531153,4.67003648029,-74.0517663197,4.66733851971,-74.0544642803
169,3,Bogota,ZonaRosa,OK,ea53f920e555b6b317c61fc744e4fa586f4a94b2,ChIJoympgJaaP44RQLu9rNd9yt8,Clover Pub Restaurante,0,4.683384,-74.047245,4.68474823029,-74.0458883697,4.68205026971,-74.0485863303
170,3,Bogota,ZonaRosa,OK,5d11ba1e26c86001b245085bb68831d89bdc30b2,ChIJsWCjc5KaP44R78FbkzV_p9U,La Leyenda,5,4.6763936,-74.0492684,4.67774258029,-74.0479194197,4.67504461971,-74.0506173803
171,3,Bogota,ZonaRosa,OK,0633235d9049a3723ad81c1d3d3a80072c397b3d,ChIJKa6C54qaP44RAbcLbK_dr3M,Khromatiko Lounge,0,4.668326,-74.0519272,4.66967498029,-74.0505782197,4.66697701971,-74.0532761803
172,3,Bogota,ZonaRosa,OK,707b9cfc45222b94f66b67d6c4815452efc94f50,ChIJvRBgJfWaP44RjBa4RZpbwv0,Santa Bar,0,4.6680332,-74.0541802,4.66938218029,-74.0528312197,4.66668421971,-74.0555291803
173,3,Bogota,ZonaRosa,OK,a5f8444ac701c4615765c5a77f82901d50616f23,ChIJOQUQFPWaP44RZ0TRwyU5jz8,Music Factory,0,4.6678728,-74.0553617,4.66922178029,-74.0540127197,4.66652381971,-74.0567106803
174,3,Bogota,ZonaRosa,OK,c768b6c86c296d25f13ebe175279c8aba4a274ee,ChIJCSWIIvWaP44R2TAO7GIBz0Y,El Cutre,3.7,4.6682484,-74.0549272,4.66959738029,-74.0535782197,4.66689941971,-74.0562761803
175,3,Bogota,ZonaRosa,OK,55fd7019a1102cdabfe4e54a44482ab2d9aa1115,ChIJj8sNzoqaP44RwTN0kezrCQc,Coconuts,0,4.6679718,-74.0530618,4.66932078029,-74.0517128197,4.66662281971,-74.0544107803
176,3,Bogota,ZonaRosa,OK,7f2f4cc5dab543ad38eefade20fb43f91eff5d17,ChIJJwwjvpOaP44RPNhY_eI5gZU,yeira lunch & drinks,0,4.6797188,-74.049399,4.68108093029,-74.0480428697,4.67838296971,-74.0507408303
177,3,Bogota,ZonaRosa,OK,9e9b3375bf995df48c4e9fbf5a30da7bc9f5d6c5,ChIJqZcUDbeaP44RD_mh_2mQAig,SHAMUA,4.5,4.69739,-74.049939,4.69875033029,-74.0486555197,4.69605236971,-74.0513534803
178,3,Bogota,ZonaRosa,OK,52ade31cf5f93190a8227158e4d51a31bdaa101b,ChIJX5mV_7aaP44RmMm6h1426xc,La chula,4.4,4.6991396,-74.0503526,4.70030843029,-74.0490341197,4.69761046971,-74.0517320803
179,3,Bogota,ZonaRosa,OK,8792007c43b95d3dc6fd1a642a483b6fff15a5f4,ChIJHbNiJKiaP44RSUg5f63Ksnk,London Calling Pub,4.4,4.6972305,-74.0305455,4.69853153029,-74.0292136197,4.69583356971,-74.0319115803
180,3,Bogota,ZonaRosa,OK,d73f3967ac325464be0cb1f34f967f87b81ac6d4,ChIJDzb4gcSaP44ROyErZq-JRpA,Bogota Beer Company,4.3,4.6913875,-74.0626817,4.69273668029,-74.0613032197,4.69003871971,-74.0640011803
181,4,Bogota,Norte,OK,cbb42c0af1c5dfe4d0f35c0a53d3f790b7932af0,ChIJIeabMF2aP44REemPzgTQeGw,JW Marriott Hotel Bogota,4.7,4.656783,-74.055518,4.65805643029,-74.0542233197,4.65535846971,-74.0569212803
182,4,Bogota,Norte,OK,add905f8d598256bfbad6a02ff8d15033965c315,ChIJbYnp-UGaP44RgKtBNgwuNbU,Hotel Emaus Bogotá,4,4.651122,-74.054125,4.65249203029,-74.0527470697,4.64979406971,-74.0554450303
183,4,Bogota,Norte,OK,5dc9bf02c2a4f6d0cd0d3074a0402970bb746702,ChIJF1u71dibP44RdDorED3WHPs,Hotel Ferrovial Corferias,3.8,4.629846,-74.094433,4.63116938029,-74.0930677697,4.62847141971,-74.0957657303
184,4,Bogota,Norte,OK,2bbd4672e24637a507f4824f7119b824b1be7657,ChIJ86oK5sKbP44R4AWymT4y0P4,Hotel TRYP Bogotá Embajada,4.4,4.6391713,-74.0974609,4.64027253029,-74.0964621697,4.63757456971,-74.0991601303
185,4,Bogota,Norte,OK,7f4dec4a0bb9bbf715447c7fd3e80236978b34d8,ChIJI51xKEGaP44Rnj2BN0QTKpk,La Pinta,4.4,4.6488949,-74.0587279,4.65027948029,-74.0573532697,4.64758151971,-74.0600512303
186,4,Bogota,Norte,OK,d939d64ced6335397173e8fdd10469797fb06fd9,ChIJ_56PdzCaP44Rg0KBMgiwcxo,Kirlybang Kaffe,4,4.6383762,-74.0654308,4.63972518029,-74.0640818197,4.63702721971,-74.0667797803
187,4,Bogota,Norte,OK,cb3040223efb5aa0cecf11bed2ba83053ac8645b,ChIJlwhwRyWaP44RoWjNr8YMEpU,Café Bar 2600,0,4.6356894,-74.0638871,4.63703838029,-74.0625381197,4.63434041971,-74.0652360803
188,4,Bogota,Norte,OK,40a9fdbb04bafc2e7abef513a5ce1dc48542fd3a,ChIJtRknhCiaP44RqAZm7MNprVE,Cuarto Beat,0,4.629213,-74.0656695,4.63056198029,-74.0643205197,4.62786401971,-74.0670184803
189,4,Bogota,Norte,OK,13b947b93ce396136dfa492f8f1918c2261b1750,ChIJgWVPc0aaP44RveHhLCoCHek,Le Fetiche,0,4.6511564,-74.0637101,4.65250538029,-74.0623611197,4.64980741971,-74.0650590803
190,4,Bogota,Norte,OK,1213dafca143bf68edce465ab33c2d5c35349184,ChIJZTgBbEeaP44RLbBoXfPZfuQ,Café Y Bar Castro,0,4.6474043,-74.0612318,4.64875328029,-74.0598828197,4.64605531971,-74.0625807803
191,4,Bogota,Norte,OK,4f699a83224d3341eb8fd9f38d2e2e3540747c79,ChIJCbP2WfWaP44RXkMkzGltsAo,Andrés DC,4.4,4.666205,-74.054518,4.66755398029,-74.0531690197,4.66485601971,-74.0558669803
192,4,Bogota,Norte,OK,767d03a80beb07bdf420b87ccfcd28e00f757b0e,ChIJfaJx4TiaP44RjCSjQGppMEQ,Warehouse Bar,0,4.6439984,-74.0611553,4.64534738029,-74.0598063197,4.64264941971,-74.0625042803
193,4,Bogota,Norte,OK,557016303aea8dc7d4bfdfb12c44b39164b087cc,ChIJLcs_t0iaP44RvDUOz8R6mls,Modelos Club,0,4.6509426,-74.0664513,4.65229158029,-74.0651023197,4.64959361971,-74.0678002803
194,4,Bogota,Norte,OK,02e3ad207d60e40f811dc40df857efa73bace525,ChIJrcVQZ_WaP44Rr0CwNsfTygA,Tresor Lounge Bar,0,4.6665661,-74.0550018,4.66794293029,-74.0536994197,4.66524496971,-74.0563973803
195,4,Bogota,Norte,OK,fbc14fe9f21dedc834aa58425c1fab0593ee8235,ChIJI5n631uaP44RPUKMBXFCT7o,Revolution Bar,3.8,4.6613208,-74.0611541,4.66266978029,-74.0598051197,4.65997181971,-74.0625030803
196,4,Bogota,Norte,OK,8762d66b9d67c57fcb16f956df5e80101a51017d,ChIJ7xrBaJqZP44R--xhhrF_t3E,La Tapería,4.4,4.613571,-74.066336,4.61491998029,-74.0649870197,4.61222201971,-74.0676849803
197,4,Bogota,Norte,OK,c41f0144ee2c53386a93f0124a555b9729c5f0aa,ChIJqXhNpzSaP44RJCd6otSeEu4,Colombian Pub,4.1,4.6417212,-74.0759169,4.64308003029,-74.0746172697,4.64038206971,-74.0773152303
198,4,Bogota,Norte,OK,b0ecbf5abdac3e103b6455b409c14158cd86c3d9,ChIJIbiGXvWaP44R9u_YXpWCbS0,Spin,4,4.66651,-74.05478,4.66785898029,-74.0534310197,4.66516101971,-74.0561289803
199,4,Bogota,Norte,OK,45deb03f004a5784682167cd4e398d40f5eed88d,ChIJD-UQZ0GaP44RN72WoOoU6fs,Astrid y Gaston,4.4,4.6509518,-74.0576202,4.65235703029,-74.0563213197,4.64965906971,-74.0590192803
200,4,Bogota,Norte,OK,fbbb477e253cfd3603d8fe01564cda05f04e5967,ChIJySSlvV-aP44RXCAcazD0e9s,Mar De Fondo,0,4.6648547,-74.0554154,4.66620368029,-74.0540664197,4.66350571971,-74.0567643803
201,4,Bogota,Norte,OK,3ebd19d7f14f24246b7df9cfd7783796b61dbc0f,ChIJBW6y76WZP44RsnGy7CNn8cM,Teatro Libre Chapinero,4.5,4.648442,-74.062592,4.64984488029,-74.0612639697,4.64714691971,-74.0639619303
202,4,Bogota,Norte,OK,08cc06b41bac1a11bb30888e6aeb326de9443165,ChIJ42USGUKaP44RVQtKh2CMgVE,LA HAMBURGUESERIA EMAUS,4.3,4.6515496,-74.0548206,4.65289858029,-74.0534716197,4.65020061971,-74.0561695803
203,4,Bogota,Norte,OK,666cb772271b69d9b6d456ca521faaeb45b1d6cf,ChIJCR7hX1maP44RsKZU4UEcjjM,Amarissimo,5,4.6615077,-74.0608013,4.66285668029,-74.0594523197,4.66015871971,-74.0621502803
204,4,Bogota,Norte,OK,b3804d071b3ba8b33deb74c1faf2c8e1c256d0d5,ChIJA5uZ5TiaP44RWgqfDVjO-LI,Noches De Garibaldi,4.2,4.644519,-74.0614486,4.64587233029,-74.0601144197,4.64317436971,-74.0628123803
205,4,Bogota,Norte,OK,068641a4e6a3408a2f2bae37164e85996ece1cfb,ChIJHfHG4FyaP44Rp3aYj27acNE,Restaurante Daniel,4.3,4.657638,-74.056792,4.65891833029,-74.0554893197,4.65622036971,-74.0581872803
206,4,Bogota,Norte,OK,6ccdb550127b837c3ce55278dbd2252bf48f9d04,ChIJX3KFj12FP44RsiD3PUAUgVA,Restaurante Bellini Centro Internacional,4.5,4.616369,-74.069626,4.61771798029,-74.0682770197,4.61502001971,-74.0709749803
207,4,Bogota,Norte,OK,7a45473854f3501e7541b2c4fbbbc2d103ec1224,ChIJCZVSevWaP44Ravu0WTrkVTk,Yazta,0,4.6666808,-74.0557963,4.66796553029,-74.0544899697,4.66526756971,-74.0571879303
208,4,Bogota,Norte,OK,a5cc180760c4fc7efee31bc63a918a9f1a3277a8,ChIJnUsBWzOaP44RjykdlMrkkSU,Morena Bar,4,4.6415762,-74.0759582,4.64293388029,-74.0746527197,4.64023591971,-74.0773506803
209,4,Bogota,Norte,OK,7fdd606cff7c0328b7640f7a62bf35ebeb89956f,ChIJjeR6lzSaP44RvihSSRx1tzo,Terraza Bar Café Galerias Cc,5,4.64241,-74.07532,4.64375898029,-74.0739710197,4.64106101971,-74.0766689803
210,4,Bogota,Norte,OK,7c4be8f573684e3edcea4febc589228617c12fd9,ChIJNSj3TFmaP44RWqWa4SOzlzU,Amar,5,4.6622335,-74.0597109,4.66354313029,-74.0582986697,4.66084516971,-74.0609966303
211,4,Bogota,Norte,OK,300e418b2ca165ea98ec35fd332441b0957d3c24,ChIJa8KhWjOaP44Rrd-tjcNuNg8,Mayan's,5,4.6411761,-74.0762689,4.64248023029,-74.0749278197,4.63978226971,-74.0776257803
212,4,Bogota,Norte,OK,63aca67e478822f37b6dcbf1e9975b410d183dff,ChIJCfh-ICyaP44REtTgyqNeYys,Evanescence Café Bar,3.7,4.6330294,-74.0711801,4.63437838029,-74.0698311197,4.63168041971,-74.0725290803
213,4,Bogota,Norte,OK,1bcc03f992217a982e02c2826d011afd0e449b66,ChIJpw1bZ8-YP44ROBlmlqgKKU0,Galeria Café Libro / Palermo,4.6,4.6341957,-74.0689491,4.63554468029,-74.0676001197,4.63284671971,-74.0702980803
214,4,Bogota,Norte,OK,b17edd4e3977f704ee31df0f779500b7cbbe4d3d,ChIJ3xZNnUiaP44RFwvkTIn1RKw,Billares Club 8,4.8,4.6496146,-74.0654571,4.65100163029,-74.0641018697,4.64830366971,-74.0667998303
215,4,Bogota,Norte,OK,fefa938b28ac2d9de8881f4399ec7283fcc31802,ChIJJY99YTiaP44ReQ0qJO5Tjxg,Indie Cave - Music Bar,4.5,4.645103,-74.062776,4.64645768029,-74.0614356197,4.64375971971,-74.0641335803
216,4,Bogota,Norte,OK,b4ea5c49cf0c59027358b6e94ea4667e6f15a822,ChIJYcq820aaP44RndxkGpRSh6E,Village Café,4.3,4.649401,-74.060371,4.65075028029,-74.0590225197,4.64805231971,-74.0617204803
217,4,Bogota,Norte,OK,79eeee1a199e17187608b7d5e64b5f670afeede8,ChIJHYhUk0WaP44RI2peSj8FMxU,Escandinavia Video,3.4,4.65273,-74.06418,4.65407898029,-74.0628310197,4.65138101971,-74.0655289803
218,4,Bogota,Norte,OK,677328e300093191e9541d0779c13b021d11de06,ChIJaRzpRkSaP44R6Lyp4D-I9kc,Matik Matik,4.3,4.6529971,-74.0611877,4.65434608029,-74.0598387197,4.65164811971,-74.0625366803
219,4,Bogota,Norte,OK,cbe3c67471d1b2d7f60f4a423e95abec031c759e,ChIJmeuiBTCaP44RpAAH2NScqxU,Forty Nine Club,4.1,4.6370596,-74.0657131,4.63839188029,-74.0643182197,4.63569391971,-74.0670161803
220,4,Bogota,Norte,OK,d1570822d4e622a3f6ed9f3e3fbbf5fd4a0fae81,ChIJx526M9-bP44RGrZsQRVTdBM,Hotel Platinum Suite Hotel,4.2,4.63182,-74.093311,4.63316898029,-74.0919620197,4.63047101971,-74.0946599803
221,4,Bogota,Norte,OK,e7c51d64f659efa3748c384481646ed7c7028623,ChIJQ7CDXTiaP44RmxPXdwZ42iA,Dagoas SPA,4.4,4.645308,-74.063086,4.64664523029,-74.0617446697,4.64394726971,-74.0644426303
222,4,Bogota,Norte,OK,dea4de21c20cca335419cf63ae7a787fdb1b29ec,ChIJT9EEnkSaP44Rwgq4JkUM64Y,Urania Galería Café,4.3,4.6547909,-74.0593663,4.65613988029,-74.0580173197,4.65344191971,-74.0607152803
223,4,Bogota,Norte,OK,40e934e74a071dd1c36ce0680fb342ddb6abad10,ChIJQ4T-rDSaP44RcUvvazCZXSA,Medieval Karaoke Bar,0,4.6422472,-74.0768475,4.64361803029,-74.0754948697,4.64092006971,-74.0781928303
224,4,Bogota,Norte,OK,609920f00059af1a67437417ce4bee562dff5b1b,ChIJa2mstjSaP44RBK7Q897RXoE,la esquina del tango,4.2,4.6427339,-74.0766152,4.64408143029,-74.0752664697,4.64138346971,-74.0779644303
225,4,Bogota,Norte,OK,2488a30131d0034c6c6bbdcddfed20d7ba5d2365,ChIJ-QhFsDSaP44RJGl24PA6Nc0,Narguila,4,4.642512,-74.0764054,4.64386293029,-74.0750651697,4.64116496971,-74.0777631303
226,4,Bogota,Norte,OK,c0187deb9524478d3c4d17db412529b6791420c8,ChIJD70AvDSaP44R2952s-wwBAA,PACHANGA POCHOLA,4.5,4.6426894,-74.0759051,4.64403443029,-74.0745326697,4.64133646971,-74.0772306303
227,4,Bogota,Norte,OK,1c6775d7e887f108bc1704b25cb72ecdf5af7e05,ChIJRYwHWzOaP44REzIaiM90CEc,Tabú Studio Bar,4.1,4.6413036,-74.0760529,4.64265608029,-74.0747215197,4.63995811971,-74.0774194803
228,4,Bogota,Norte,OK,1480a1e6788675fea685743a342a9c8aa102c7cb,ChIJyQnMOTOaP44RsL63rAbAL9s,Soda Bar Retro,4.5,4.6403575,-74.0762072,4.64171263029,-74.0748896197,4.63901466971,-74.0775875803
229,4,Bogota,Norte,OK,2222b3b1c4c731495d8a03056507f1b41f741ebc,ChIJrXrjYzOaP44RLm6c9SoUurw,Oboe Cafe Bar,4.5,4.6414868,-74.0751541,4.64283158029,-74.0738058197,4.64013361971,-74.0765037803
230,4,Bogota,Norte,OK,c7888e823597e83b50bd854756748f34379df049,ChIJQ690YzSaP44RkuRPcunDruE,Bogotá Beer Company,4.5,4.642482,-74.073795,4.64383098029,-74.0724460197,4.64113301971,-74.0751439803
231,4,Bogota,Norte,OK,5da2a452ba0477138cc32d677846840365b73001,ChIJqYW7pTOaP44RCrgQVaaIN28,Fhorno de las carnes,4.3,4.6399451,-74.0735819,4.64129188029,-74.0722203197,4.63859391971,-74.0749182803
232,4,Bogota,Norte,OK,02927d6fa6d81899593592e384bc47e06aa16f62,ChIJiRZ6wjOaP44RjLcMSA7T8Qs,BAR DONDE MAO,4,4.6404121,-74.0720946,4.64176683029,-74.0707778197,4.63906886971,-74.0734757803
233,4,Bogota,Norte,OK,872381be4e0d4b2224f7403289aab7590d6dbb82,ChIJlR5yJ8ibP44RBG9qL57siLw,La Bicicletería D.C,4.7,4.6469475,-74.0867798,4.64829648029,-74.0854308197,4.64559851971,-74.0881287803
234,4,Bogota,Norte,OK,f27d3f32c72ebfbe77b460dbb3a27116f989d3ea,ChIJKQwjIzKaP44RSmT-7iMt_ug,Benkos,0,4.6381216,-74.0717942,4.63947688029,-74.0704824197,4.63677891971,-74.0731803803
235,4,Bogota,Norte,OK,bd403f2c65618b6e32d4b5b8e9d349ac2bdae11d,ChIJxU8XES2aP44R9s_oSleDmuc,San Cafe Club de Jazz y Galería,4.2,4.635091,-74.075062,4.63644793029,-74.0737554697,4.63374996971,-74.0764534303
236,4,Bogota,Norte,OK,4f722f389cfc8f36dbf5db92bf1b3e3dca83fe48,ChIJlxX9m9ObP44RXwBdOAhwoAA,La madre,0,4.6328281,-74.0803539,4.63419483029,-74.0790167197,4.63149686971,-74.0817146803
237,4,Bogota,Norte,OK,263753125c15900f92121dddf615d55da67271bb,ChIJy_dwoLObP44RiiTNW4VX6R8,VIDEO BEAMS Y LAMPARAS SAS,0,4.653195,-74.079981,4.65458533029,-74.0786251197,4.65188736971,-74.0813230803
238,4,Bogota,Norte,OK,4e408399fb8311c5dfc74af5b8a7360a16011bc0,ChIJU7BW7kuaP44RGjhg9t3-t6A,Bogotá Beer Company,4.2,4.650894,-74.0720801,4.65225978029,-74.0707280697,4.64956181971,-74.0734260303
239,4,Bogota,Norte,OK,ecfc0423f74828626e8aade01f54746ac91b3af5,ChIJ7wKuvCyaP44RDasYhQWdqfM,Dos Carreras,4.2,4.632452,-74.075921,4.63380018029,-74.0745591697,4.63110221971,-74.0772571303
240,4,Bogota,Norte,OK,303dd05476f5741c59bc79a78d65c2c72722ea98,ChIJCdaqrzeaP44R6FtiHuV4w3E,Comunidad S,5,4.6445497,-74.0676466,4.64589328029,-74.0662669197,4.64319531971,-74.0689648803
241,5,Bogota,Centro,OK,dd816dfec1db8ab03e62e97193eb14af0803a96d,ChIJg45y0Q6ZP44ReochAID8c4M,HOSTAL CASA QUEVEDO,4.4,4.59717,-74.069596,4.59895378029,-74.0680345697,4.59625581971,-74.0707325303
242,5,Bogota,Centro,OK,b8b839ef49f43c5553db41e03ba8d608ab8d721c,ChIJh4nYWK-ZP44RXPaHhZBj0VA,Masaya Hostel Bogotá,4.4,4.596656,-74.070041,4.59802903029,-74.0687282697,4.59533106971,-74.0714262303
243,5,Bogota,Centro,OK,5dc9bf02c2a4f6d0cd0d3074a0402970bb746702,ChIJF1u71dibP44RdDorED3WHPs,Hotel Ferrovial Corferias,3.8,4.629846,-74.094433,4.63116938029,-74.0930677697,4.62847141971,-74.0957657303
244,5,Bogota,Centro,OK,8762d66b9d67c57fcb16f956df5e80101a51017d,ChIJ7xrBaJqZP44R--xhhrF_t3E,La Tapería,4.4,4.613571,-74.066336,4.61491998029,-74.0649870197,4.61222201971,-74.0676849803
245,5,Bogota,Centro,OK,8dd79f4f844d441f99c64c8975106825e595a3e7,ChIJnflwZ6aZP44RVzthjZt0G_Y,Bar Candelario,4.3,4.5989195,-74.0726083,4.60024463029,-74.0712188697,4.59754666971,-74.0739168303
246,5,Bogota,Centro,OK,7b82b7688ecddb38eb9ee6cafd8026051a8a9cea,ChIJD_N2A6aZP44RHiMUzWCYJl0,La Bruja,4.4,4.5970539,-74.0715425,4.59838178029,-74.0702062197,4.59568381971,-74.0729041803
247,5,Bogota,Centro,OK,775dab12011bf0ac4d156bc5c66ffb268b162e7b,ChIJreEUw6iZP44RaMpxIZgxLYY,CAPITAL COCINA Y CAFE,4.6,4.595105,-74.072403,4.59645398029,-74.0710540197,4.59375601971,-74.0737519803
248,5,Bogota,Centro,OK,6ccdb550127b837c3ce55278dbd2252bf48f9d04,ChIJX3KFj12FP44RsiD3PUAUgVA,Restaurante Bellini Centro Internacional,4.5,4.616369,-74.069626,4.61771798029,-74.0682770197,4.61502001971,-74.0709749803
249,5,Bogota,Centro,OK,40a9fdbb04bafc2e7abef513a5ce1dc48542fd3a,ChIJtRknhCiaP44RqAZm7MNprVE,Cuarto Beat,0,4.629213,-74.0656695,4.63056198029,-74.0643205197,4.62786401971,-74.0670184803
250,5,Bogota,Centro,OK,1aee6740875178a6c356d067808d10174cce9dd2,ChIJtfDZiJqZP44R-G_-QmrdkM0,Restaurante Gaudí,4.4,4.614368,-74.066219,4.61571458029,-74.0648611697,4.61301661971,-74.0675591303
251,5,Bogota,Centro,OK,622104f5c46c2a2e54acf49622ca936bbf4bbebe,ChIJgTfkDnSZP44ROAprlpv3mQs,LA HAMBURGUESERIA LA MACARENA,4.5,4.614197,-74.0663588,4.61553743029,-74.0649746197,4.61283946971,-74.0676725803
252,5,Bogota,Centro,OK,68722fa3ded87741d19ed8f62a1607b8ab9f4531,ChIJn1DV65OYP44R7A-Gg9Sr5XY,El Goce Pagano,4.5,4.60353,-74.065935,4.60487898029,-74.0645860197,4.60218101971,-74.0672839803
253,5,Bogota,Centro,OK,400f6dbc1e8fb6e6c4752f9906a8ba5da7c20b75,ChIJV5vO7KWZP44RenKbNAcPKLE,FEDORA coffe &cocktails,5,4.5979806,-74.0696014,4.59932583029,-74.0682379697,4.59662786971,-74.0709359303
254,5,Bogota,Centro,OK,1ad0247deec32ec7f8a58685161270478ec2a529,ChIJ_z2NYa-ZP44RkkEAU4qh5IU,CANTARO RESTO BAR,5,4.596842,-74.069532,4.59816713029,-74.0682020697,4.59546916971,-74.0709000303
255,5,Bogota,Centro,OK,ae01e8a473e63bb937145c9fb87633834dfb1aa2,ChIJP5EI4Q2ZP44Rqy2lNpjC0ww,LA NACIONAL 1A,5,4.602368,-74.0876029,4.60369888029,-74.0862657197,4.60100091971,-74.0889636803
256,5,Bogota,Centro,OK,08f6962e1d0c492dfa82633228831c4df1ad20d8,ChIJuTfoaJCZP44R94EAd4kHZ_0,Box Populi,0,4.605568,-74.090046,4.60691698029,-74.0886970197,4.60421901971,-74.0913949803
257,5,Bogota,Centro,OK,70edc3f58fa68cf78bcf0aadb73a2dfac4adeffb,ChIJzRjgyguZP44RxWyJwXvub18,Asadero Coma Parrilla,3,4.603076,-74.080044,4.60444793029,-74.0787282197,4.60174996971,-74.0814261803
258,5,Bogota,Centro,OK,849354c86ea517d1e7e39ebab8471d8744321d90,ChIJayyU7AqZP44RnfSNMvYnl74,parranda vallenata bogota,0,4.6053174,-74.0785827,4.60666433029,-74.0772308197,4.60396636971,-74.0799287803
259,5,Bogota,Centro,OK,454ea5cbfe630b857ab51f0d92ce1180f1c2b25b,ChIJY61v52yZP44RdFkjlh9XzlE,frutos jugos naturales,0,4.6085395,-74.0921905,4.60990648029,-74.0908646697,4.60720851971,-74.0935626303
260,5,Bogota,Centro,OK,7f7d8b803f5e7a2ef35e25b3ad5170699d1c515d,ChIJtY1r66eZP44R2c_rUwXiYqM,El Fogon de las Sopitas,4.1,4.599882,-74.075826,4.60123098029,-74.0744770197,4.59853301971,-74.0771749803
261,5,Bogota,Centro,OK,8698a78c1a8f82eb4df736aa1ed4fa8e703c890b,ChIJUweyPhSZP44R9AmxQ4BRkn4,Jon Dech Cafe,4.9,4.602926,-74.096541,4.60429743029,-74.0952225697,4.60159946971,-74.0979205303
262,5,Bogota,Centro,OK,9076ae27a96132f0ee7450408a278179c06d5b67,ChIJG9EPr6eZP44Rn5honxQbFlY,Peña Folclórica de Bogotá,5,4.598941,-74.074679,4.60028998029,-74.0733300197,4.59759201971,-74.0760279803
263,5,Bogota,Centro,OK,44ef3af152c82ced71840d372c686f1884e5df0f,ChIJ6dADnWuZP44R7sZ9Po2Abmc,estacion ricaurte,0,4.6099574,-74.095524,4.61131438029,-74.0941850697,4.60861641971,-74.0968830303
264,5,Bogota,Centro,OK,4c00d0d8da3ad69f36e628ef1075f5bbd0795bd1,ChIJi0W76aaZP44R8eYP7nRuxTI,LAGA,0,4.600466,-74.0730902,4.60180958029,-74.0717447197,4.59911161971,-74.0744426803
265,5,Bogota,Centro,OK,37cee4013f65ad8fccc592b140abb0b916e00873,ChIJP0EVsW-ZP44RB-sTz1KPx5M,Express Universal,5,4.6150807,-74.0906895,4.61641108029,-74.0893643197,4.61371311971,-74.0920622803
266,5,Bogota,Centro,OK,4ae9b40ca737504b15dba2164b865b4912b7c3ea,ChIJRUvVuKaZP44R4vHbgClBdB4,Bar 5-40,0,4.6008767,-74.0724254,4.60222568029,-74.0710764197,4.59952771971,-74.0737743803
267,5,Bogota,Centro,OK,0b806477792d507e2ba25b18577e5cc8284d764f,ChIJ29hwvKaZP44R9NcAcnFtV9c,Ma Cherie Lounge Club,5,4.6008464,-74.0721105,4.60218063029,-74.0707642697,4.59948266971,-74.0734622303
268,5,Bogota,Centro,OK,5392892cb620efe9ae339308a8ed8b60edcd2e1e,ChIJJ2AxP6aZP44R1v1iEqQ5m8o,elcandelario,4.1,4.5988275,-74.0724239,4.60013923029,-74.0710992697,4.59744126971,-74.0737972303
269,5,Bogota,Centro,OK,a6e5aa97ebe3bfb837ab145d501267da8c9e3453,ChIJrTUVJZ-ZP44Rbiq7dmoJw-c,Restaurante La Normanda la 22,4.1,4.608897,-74.072154,4.61022908029,-74.0708150697,4.60753111971,-74.0735130303
270,5,Bogota,Centro,OK,28a7ed9be47742fa225a76c01f79d3e7177acc4e,ChIJX2_7h6GZP44R6U9sCh1iyvo,Qimbay Café,5,4.6048747,-74.0711743,4.60623998029,-74.0698143197,4.60354201971,-74.0725122803
271,5,Bogota,Centro,OK,760cf8c7cbfecea82091259f0b0d36e6b93304a6,ChIJwwwaj3qZP44Rs8jGwgzyXSQ,BEER,4.1,4.617714,-74.086265,4.61906298029,-74.0849160197,4.61636501971,-74.0876139803
272,5,Bogota,Centro,OK,7a3af12c3b7eee14e996ee4b916e776d3fc4453d,ChIJ0QW43aOZP44RvOG2nBqYgWs,Francachela Cocina Bar,0,4.6031315,-74.0706754,4.60449318029,-74.0693573197,4.60179521971,-74.0720552803
273,5,Bogota,Centro,OK,69c2cf48b5007fb953cf6afc330b0a54deb38fcb,ChIJH2GGA6SZP44RfNhiU5o5gew,Revellion Gastro Bar - Antiguo Republika,4.8,4.6013363,-74.0707867,4.60266003029,-74.0694526697,4.59996206971,-74.0721506303
274,5,Bogota,Centro,OK,c7f20a9324dd9cdae82ab42cc6d588d3acabf6ea,ChIJAwOWA6aZP44RZjMwWGw6F8U,Restaurante Civitas,4.8,4.597044,-74.07162,4.59841328029,-74.0702587697,4.59571531971,-74.0729567303
275,5,Bogota,Centro,OK,78221e9e534bb02182842b9e8d8ddf3b313eb0c5,ChIJ6VUBtpiZP44RbTpGALsPrTs,Billares Londres,5,4.607983,-74.0707461,4.60932573029,-74.0693763197,4.60662776971,-74.0720742803
276,5,Bogota,Centro,OK,6efcda6e1177659763be1d184439676b4ba31617,ChIJw7U1p56ZP44RWrzQqTybF5k,Escuela Flair Bartender,5,4.611536,-74.072345,4.61288908029,-74.0710012197,4.61019111971,-74.0736991803
277,5,Bogota,Centro,OK,ed53b9a900c5a9dc41c6b7c6e980bfba20b8cfd7,ChIJWzcLGqaZP44RCh6LEvpa6DA,Bogotá Beer Company,4.5,4.6002308,-74.070469,4.60157978029,-74.0691200197,4.59888181971,-74.0718179803
278,5,Bogota,Centro,OK,5973e8c72abfe09f9f407069814d37c68f9657bf,ChIJCx6zTpyZP44RkfjkR4b6Xsg,grupo vallenato,0,4.6133691,-74.0736481,4.61473053029,-74.0722904197,4.61203256971,-74.0749883803
279,5,Bogota,Centro,OK,c6b00e5b616fc7d88d4f05dd6500c32c05e00528,ChIJyfCJuqiZP44RVn9VkskP2lQ,Wok-a Bar,5,4.59603,-74.071967,4.59740468029,-74.0706017197,4.59470671971,-74.0732996803
280,5,Bogota,Centro,OK,d70f0edfd6e4ec4a416ced5aa28ff8a6a4693857,ChIJB6eMsKiZP44R-3ZWZSP6MMo,De Una Travel Bar,4.2,4.596015,-74.071782,4.59736398029,-74.0704330197,4.59466601971,-74.0731309803
281,5,Bogota,Centro,OK,08e1b7781f1f0c13457acf2f2f6ba56fbdad4349,ChIJWZFfB6aZP44RoG8LxYVCxVQ,The Irish Pub La Candelaria,4.6,4.597182,-74.07114,4.59853103029,-74.0697910697,4.59583306971,-74.0724890303
282,5,Bogota,Centro,OK,9ccbc8372c9099aad847d4aed414ce843ad14636,ChIJ5T3V6qOZP44RZamx7hBEzkI,Paraíso Bacatá,4.6,4.6028288,-74.0697106,4.60418158029,-74.0683592697,4.60148361971,-74.0710572303
283,5,Bogota,Centro,OK,7369cacee92e64fb49ab62b79e6e3c72ece7df47,ChIJJ7QS56WZP44R-XiIG9XReuc,Casa de Citas Restaurante,3.5,4.597937,-74.070695,4.59928598029,-74.0693460197,4.59658801971,-74.0720439803
284,5,Bogota,Centro,OK,44f8a7447145e23d0c6d5f1d8ba7b5918ac23020,ChIJwz4UH6mZP44R22iCtIJUe_s,Road Beer Coffee,0,4.5941237,-74.0727144,4.59546253029,-74.0713717197,4.59276456971,-74.0740696803
285,5,Bogota,Centro,OK,ed8c0b0ac829606e519a900282ae331d3a005d6e,ChIJz2kOt6OZP44RviHghe5QN1U,Colombian Beer,4.8,4.603713,-74.069446,4.60508028029,-74.0680846197,4.60238231971,-74.0707825803
286,5,Bogota,Centro,OK,f0a600c425a0ce0e38ca2dbec27907b6016e7cf7,ChIJdRxIsaiZP44Rb9T40riMHcc,LA HAMBURGUESERIA CANDELARIA,4.4,4.5957689,-74.071242,4.59711788029,-74.0698930197,4.59441991971,-74.0725909803
287,5,Bogota,Centro,OK,fe41ccfa229a290466ba208661d68e3d660eb405,ChIJvbIh0aiZP44RlcmKtaJobCA,Ilmunich,4.3,4.594687,-74.071685,4.59605898029,-74.0703208197,4.59336101971,-74.0730187803
288,5,Bogota,Centro,OK,8cbbf844b989e1f030a8e3975fbdee21b3a8335f,ChIJHfLLQ6SZP44Rlv_izWEGqD4,La Tanda Bar,5,4.6001271,-74.0692555,4.60146858029,-74.0678936197,4.59877061971,-74.0705915803
289,5,Bogota,Centro,OK,8406ff62bac1abd71fcf03cad8548c2f0c4084dd,ChIJJWlVHZmZP44R8Co42PrlTaE,flamingo road gallery,0,4.6092092,-74.06894,4.61056153029,-74.0675889197,4.60786356971,-74.0702868803
290,5,Bogota,Centro,OK,b106166cc27aee0e9aecdcd26d69c2845b09a1b1,ChIJ2-qmZKOZP44R7g_QD-RyaVc,Hips Galería & Restaurante,4.5,4.601834,-74.067555,4.60318298029,-74.0662060197,4.60048501971,-74.0689039803
291,5,Bogota,Centro,OK,c040021f8aa1fe99d3e888b809456ad3664c3d3a,ChIJe5ZutD2ZP44RGMgxxlOpkk0,grupo vallenato bogota,0,4.601008,-74.1031928,4.60236393029,-74.1018495697,4.59966596971,-74.1045475303
292,5,Bogota,Centro,OK,49ec772ebf78f44d3a9772fc27468132901a1005,ChIJt9QzJaOZP44RayBnHh8o2hY,Zanttino,5,4.603554,-74.066122,4.60489008029,-74.0647480697,4.60219211971,-74.0674460303
293,5,Bogota,Centro,OK,ed4de3b89b1a0ff0d60abdec675a5ea4ba320eec,ChIJm7gFCpuZP44RJmTncDH8JJg,Downtown 727,4.2,4.6142234,-74.0693384,4.61555803029,-74.0680057197,4.61286006971,-74.0707036803
294,5,Bogota,Centro,OK,fdd7999f244ef3fdb6897d33d9b4d1c87221dcbb,ChIJW4ZlA5qZP44RT69sfefevjs,Santa Fe Restaurante,4.6,4.611927,-74.066551,4.61325158029,-74.0652079697,4.61055361971,-74.0679059303
295,5,Bogota,Centro,OK,98f991b14694fceb5af940196ebf174626f0794a,ChIJZXl0FpqZP44Rxsz_QThwlCU,Makalé Comida Estructural,4.5,4.612561,-74.066625,4.61391633029,-74.0653049697,4.61121836971,-74.0680029303
296,5,Bogota,Centro,OK,cbe376e5b9264e7613bc1d3713fb1264332a4a96,ChIJXfG6wIOZP44RRm9EI4KSpgY,Café Barbería,4,4.6205586,-74.0729184,4.62186788029,-74.0715057197,4.61916991971,-74.0742036803
297,5,Bogota,Centro,OK,2f1b991f8f38eab6eab136f74ac4b96fd9d1a2c3,ChIJo0LB64SZP44RXhyM_q9kWTI,urban safari,4.5,4.6181568,-74.0693722,4.61949718029,-74.0680253197,4.61679921971,-74.0707232803
298,5,Bogota,Centro,OK,3c382d88298a05f9e5bb4a983e54d2ad95f03f8e,ChIJG9PpY5qZP44RzkwExDo1HxI,Bogotá Beer Company,4.5,4.6138942,-74.0663052,4.61524793029,-74.0649756197,4.61254996971,-74.0676735803
299,5,Bogota,Centro,OK,c2c76603333197560779b7a21be52d754b054b7e,ChIJyYw3ZzuZP44Rp649yzePITE,RUMBALAND CLUB,4.5,4.5989394,-74.1067887,4.60028838029,-74.1054397197,4.59759041971,-74.1081376803
300,5,Bogota,Centro,OK,4ec1299c9f41a8b52ba9612133b894b52b67b78c,ChIJ5aR-BSCZP44R14giBO4w1KQ,Island Afrosound Bar/Cafe,4.7,4.5880032,-74.1012194,4.58935218029,-74.0998704197,4.58665421971,-74.1025683803
301,6,SantaMarta,Centro,OK,699d51f6e6ed218bda75ee50f53b06e8ce4416a7,ChIJxeIPqXz19I4R7LOLXdgIA28,La Villana Hostel,4.5,11.243328,-74.2122571,11.2446676303,-74.2109261697,11.2419696697,-74.2136241303
302,6,SantaMarta,Centro,OK,dc73522d16d4eb85e1e470d00c99719c2c209d38,ChIJK19Bx2T19I4RtThI_U18CZk,Masaya Hostel Santa Marta,4.5,11.244645,-74.210811,11.2460113303,-74.2094586697,11.2433133697,-74.2121566303
303,6,SantaMarta,Centro,OK,65cc0a99827975c890845990d330ff2e2c91ff06,ChIJlYGRPn_19I4Rv_bHIn7yngo,Tienda Shanday,0,11.2344936,-74.2131671,11.2358606303,-74.2118163697,11.2331626697,-74.2145143303
304,6,SantaMarta,Centro,OK,bbfe3765c7835d47a9f0ec37d67ee37dd72d438b,ChIJR9xtoWT19I4RHfSoIzhpDVM,Hostal La Brisa Loca Santa Marta,4.8,11.244893,-74.2117667,11.2462594303,-74.2104142697,11.2435614697,-74.2131122303
305,6,SantaMarta,Centro,OK,030a74c74c0b446a57de3c9017e3f533723c63d0,ChIJSz7ZZnv19I4RM_Elze5nEPA,Seko - Bar Confuso,5,11.2421007,-74.2116435,11.2435023803,-74.2102884697,11.2408044197,-74.2129864303
306,6,SantaMarta,Centro,OK,0e207233f889c496b11727bf502936a31dbc51d5,ChIJB4Jbv2P19I4RstR9R9yw-J4,Valsao Disco Bar,0,11.2475632,-74.2143416,11.2489069303,-74.2129392697,11.2462089697,-74.2156372303
307,6,SantaMarta,Centro,OK,df5f54fb6d9fc691daa6c1bb8f10df33c083a175,ChIJxxD6qXz19I4R1kdjCyT3rgw,Anime Cocktails,0,11.243432,-74.2121023,11.2447294803,-74.2107590197,11.2420315197,-74.2134569803
308,6,SantaMarta,Centro,OK,650673407a00c308aceff006c68ab386d8ad0ecf,ChIJUz-IGXv19I4RsTq8qDhWSZg,salsa&café,2,11.2425083,-74.2096133,11.2438366303,-74.2082662697,11.2411386697,-74.2109642303
309,6,SantaMarta,Centro,OK,e69c10d550bc6ac9041ff1423af3537613a82a47,ChIJ--Ldpnz19I4RRjqwvs1O0KY,Crab's Bar,4.8,11.2428203,-74.2122699,11.2441984803,-74.2109169197,11.2415005197,-74.2136148803
310,6,SantaMarta,Centro,OK,ff1241405fbe90c1724c218c8f19241950746571,ChIJ79y9nHz19I4RczgZcMow_xk,Tu Jaus Bar,4.8,11.2416964,-74.2120849,11.2430487803,-74.2107351197,11.2403508197,-74.2134330803
311,6,SantaMarta,Centro,OK,4ccd97873d329b312b655b09d74d5f561426b0aa,ChIJYfSFl3z19I4RyJOlwqFsXTE,Eivissa Santa Marta,3,11.2422946,-74.2128245,11.2436818303,-74.2114706697,11.2409838697,-74.2141686303
312,6,SantaMarta,Centro,OK,1a8c7a8b3bf8987a6a51f56dad6eccbab9e5196d,ChIJ2-99rXz19I4RuHYVHA7eApM,Lulo Cafe Bar,4.6,11.243649,-74.2127936,11.2450012803,-74.2114647697,11.2423033197,-74.2141627303
313,6,SantaMarta,Centro,OK,25ed9a8bc73bc601785c4514a46a667b05f6c8d8,ChIJLcdZrXz19I4R37FJXulYPLk,La Perla Restaurante Bar,4.4,11.2437476,-74.2127809,11.2450992803,-74.2114478697,11.2424013197,-74.2141458303
314,6,SantaMarta,Centro,OK,d1549e89a61bc3c29b1f7218824319619e221568,ChIJpY89mnv19I4RMiO6zO9IEqQ,Bar café vía del mar,0,11.240355,-74.211023,11.2417039803,-74.2096740197,11.2390060197,-74.2123719803
315,6,SantaMarta,Centro,OK,06ea971d81da1a0694a418085b11784d41bf66b4,ChIJpz1Al3z19I4RmI02gGpEaf0,Ouzo Restaurante,4.5,11.2420716,-74.212919,11.2434225303,-74.2115937197,11.2407245697,-74.2142916803
316,6,SantaMarta,Centro,OK,43574ecc77c505dec970dd7beaf783a01c89e615,ChIJARc8kHz19I4RLrTZll0nvC0,Restaurante Entre Cuates - Chavela,4.2,11.2418032,-74.2129063,11.2432029803,-74.2115459197,11.2405050197,-74.2142438803
317,6,SantaMarta,Centro,OK,09ba722b543da68b95048e255698384797ff60e9,ChIJAbYphnz19I4RlqmnveHebRw,Buena Vibra Social Jump,3,11.2412517,-74.2127909,11.2425878803,-74.2114442697,11.2398899197,-74.2141422303
318,6,SantaMarta,Centro,OK,906c103227546d34afc547c06b5068686e7c02f0,ChIJ0Y5_JWP19I4RE1Y7bXd_J5Y,Estanco Venta Cerveza,0,11.2445793,-74.2144459,11.2459338803,-74.2131123697,11.2432359197,-74.2158103303
319,6,SantaMarta,Centro,OK,c149f0e57df96491311ad77c5d5abf938767914e,ChIJAec6oWP19I4RFQt4b0HiX6Y,Estadero & Lonchería Cherúa,0,11.24682,-74.213842,11.2481689803,-74.2124930197,11.2454710197,-74.2151909803
320,6,SantaMarta,Centro,OK,e7dfbdca09d60815ef0296da5a43d9c67261839a,ChIJ-ep5En319I4R8q9M3rkPf0E,Miko Bar Social,3.5,11.241939,-74.216241,11.2432879803,-74.2148920197,11.2405900197,-74.2175899803
321,6,SantaMarta,Centro,OK,4b97585a33588b82b282f6755e64098f0fcb0423,ChIJIVyCoX319I4RPdJo8N07O0c,La Frontera,4.2,11.2409258,-74.2162885,11.2422747803,-74.2149395197,11.2395768197,-74.2176374803
322,6,SantaMarta,Centro,OK,81a97342b9beeadf8fc0dba6900c841d589eb4fa,ChIJEwIqR3f19I4Rub4DFyQ0fcY,La Viña,0,11.2368679,-74.2049073,11.2382168803,-74.2035583197,11.2355189197,-74.2062562803
323,6,SantaMarta,Centro,OK,bbde7791b47e9fb1cbab6ba49c8f7e1fddd53705,ChIJqVbaSmP19I4RtoUmpUsQtjg,Amancay Bar,5,11.24388,-74.21338,11.2452289803,-74.2120310197,11.2425310197,-74.2147289803
324,6,SantaMarta,Centro,OK,59010cbda011031e9a84c3fa848d8d8a4e61faf0,ChIJr30StHT19I4RytfcsDn_rZM,La Sede Lounge Bar,3.3,11.236252,-74.1947401,11.2376028803,-74.1934262197,11.2349049197,-74.1961241803
325,6,SantaMarta,Centro,OK,01ab89b645f627309cec1705d61d14809a3d285e,ChIJfaVoA2f19I4RV64kG98M5l4,Discoteca La Escollera,3.6,11.2521971,-74.2097282,11.2535460803,-74.2083792197,11.2508481197,-74.2110771803
326,6,SantaMarta,Centro,OK,b0117a3d5667bd779a130dacf744ab74ce69b909,ChIJzf6PaHv19I4RUNzGWzy6PPE,IGUANAS BAR,4.8,11.2421277,-74.2112824,11.2434638303,-74.2099359697,11.2407658697,-74.2126339303
327,6,SantaMarta,Centro,OK,ab31117100439438741556ca6b639e67355f2f36,ChIJ2XR_ymT19I4RII8KKajRYDs,Clubpolo,0,11.2439116,-74.2105858,11.2452537803,-74.2091953697,11.2425558197,-74.2118933303
328,6,SantaMarta,Centro,OK,7f88df6614dba486a0065281ed4577900f7f93a5,ChIJg5blZnv19I4RsaduopNbgw4,Karaoke - Bar Tocata,4,11.2421468,-74.2115742,11.2435167803,-74.2102228197,11.2408188197,-74.2129207803
329,6,SantaMarta,Centro,OK,3a2416655abe788018510fe4ec58ef5405c0431b,ChIJFz4wZ3v19I4R_Rbq23pq8aA,Mango Bar,0,11.2422368,-74.2116562,11.2435894803,-74.2103068197,11.2408915197,-74.2130047803
330,6,SantaMarta,Centro,OK,4396c8ee1962dcfa593b09de609c1468ec771417,ChIJs88oZ3v19I4RiXvgWNY56LM,CHARLIES BAR,4.5,11.2422091,-74.2116583,11.2435267803,-74.2103129197,11.2408288197,-74.2130108803
331,6,SantaMarta,Centro,OK,d3bec4ede0a21b3a81e531a8c9a839938dd70ee0,ChIJfRvbZnv19I4RNpErF_Yz7xA,Charlie's,4.6,11.2421531,-74.2116373,11.2435237803,-74.2102858197,11.2408258197,-74.2129837803
332,6,SantaMarta,Centro,OK,88dd8016c54ea3060c9a1f3a269d8d2e4e3847f9,ChIJJ2ciYHv19I4RQkHHiI3ttPU,Atlantis Video Bar - Restaurante,3,11.2422823,-74.2119625,11.2436350803,-74.2106129197,11.2409371197,-74.2133108803
333,6,SantaMarta,Centro,OK,599df600f841cd3926948a5ef0eafdafbcb9f609,ChIJRUHZn3z19I4RB93tYLF1mks,Mi Chelada Bar,5,11.2422727,-74.2120813,11.2436527803,-74.2107273197,11.2409548197,-74.2134252803
334,6,SantaMarta,Centro,OK,c982c52aca86c2ad243b8c59158264cd6344d88e,ChIJV-qbqXz19I4R9_g3Bu8vhfQ,Vonchess Bar,0,11.2433619,-74.2122183,11.2447224303,-74.2108678697,11.2420244697,-74.2135658303
335,6,SantaMarta,Centro,OK,508cc1f46325cdf5657b6f90835020fd7c012324,ChIJi0efqXz19I4RQBy2TMnKia0,MariamuKna Bar,0,11.2433415,-74.2122267,11.2446606303,-74.2108814197,11.2419626697,-74.2135793803
336,6,SantaMarta,Centro,OK,0fd8ac4680cd6ea99984dc110647b8b0902cbd4e,ChIJ9Xt6qXz19I4R209oc-lBNyE,Yerbabuena,4,11.2433836,-74.2122793,11.2447299303,-74.2109306697,11.2420319697,-74.2136286303
337,6,SantaMarta,Centro,OK,a2b4bcb0b58e7c5068d5ed869e07fd2070d52802,ChIJfXUTqXz19I4RLb4fDn0kEow,Plaza De Madrid,4,11.24333,-74.21231,11.2446789803,-74.2109610197,11.2419810197,-74.2136589803
338,6,SantaMarta,Centro,OK,99efe253b50211d839d5dbefc60572535667b134,ChIJtQFqn3z19I4RM3zb5ZAQ-wk,Restaurante Bar Casa Marina,4.7,11.2423333,-74.2123373,11.2436928803,-74.2109866197,11.2409949197,-74.2136845803
339,6,SantaMarta,Centro,OK,e470d650c2f325a30e894a1b1883d36209403d5c,ChIJtxBKqXz19I4RYcoioxSLunI,Valhalla Bar,0,11.24335,-74.21241,11.2446989803,-74.2110610197,11.2420010197,-74.2137589803
340,6,SantaMarta,Centro,OK,a96c644b05c1e9bb34a239f5d990844f43169ae4,ChIJRZO6mHz19I4RNpwFZTtWTvU,Carbonera Discoteca Disco Bar,4,11.242356,-74.2124811,11.2437110303,-74.2111313697,11.2410130697,-74.2138293303
341,6,SantaMarta,Centro,OK,50edb78715f23395928a6374fab23289e5680d96,ChIJMQ_Irnz19I4RO7HeRomHMMA,La tienda del arte,0,11.2433464,-74.2124741,11.2446896803,-74.2111258197,11.2419917197,-74.2138237803
342,6,SantaMarta,Centro,OK,a21be05d273fdbb51af8311100d53683f0565653,ChIJb7XImHz19I4Rn2JCXyxtQY4,Festival Shots Bar,0,11.2422984,-74.2124701,11.2436463303,-74.2111212697,11.2409483697,-74.2138192303
343,6,SantaMarta,Centro,OK,d378d698c549935241c061208faec9d98cea0a37,ChIJMQ_Irnz19I4RZhQ38tgNv04,Santa Mesa,4.3,11.2433464,-74.2124741,11.2446896803,-74.2111258197,11.2419917197,-74.2138237803
344,6,SantaMarta,Centro,OK,e96d184282620378eba35033a42b129c8cbba308,ChIJy1fAmHz19I4RTvR1bMWgefM,Tumbaktre,4.5,11.2423129,-74.2125103,11.2436513303,-74.2111626697,11.2409533697,-74.2138606303
345,6,SantaMarta,Centro,OK,82473ed3100abe0db39ff7fffd82f08916137fb0,ChIJZ2CWrnz19I4RfHip9_w-Iao,Gairaca Lounge- Discobar,4,11.2433793,-74.2125324,11.2447595303,-74.2111795697,11.2420615697,-74.2138775303
346,6,SantaMarta,Centro,OK,28c6ca66f3f77c65449c75d3c60572306b124b26,ChIJcUbrrnz19I4R9VxDypXHGpk,Restaurante Bijao Lounge Bar,3,11.24335,-74.21254,11.2446989803,-74.2111910197,11.2420010197,-74.2138889803
347,6,SantaMarta,Centro,OK,d8f219df2a02c480dc454e85c010228341f37952,ChIJtUzkmHz19I4R-32Cz3UltTc,Festival Shots,4.5,11.2422701,-74.2125519,11.2436530303,-74.2111986197,11.2409550697,-74.2138965803
348,6,SantaMarta,Centro,OK,b3c06bf13fd25b08353af50c29b74e88b561161a,ChIJkwj1rnz19I4R6w_FgAmjBBY,Bar Kudeta,4,11.2433468,-74.2126049,11.2447050303,-74.2112547697,11.2420070697,-74.2139527303
349,6,SantaMarta,Centro,OK,ffb7301357e5b4a332ea128d4a29790163124a08,ChIJvTPApHz19I4RrDs9DzdpPLo,SpeCtro Discoteca,0,11.2428571,-74.2127088,11.2441938803,-74.2113615197,11.2414959197,-74.2140594803
350,6,SantaMarta,Centro,OK,05d9a11499f082ced996304c138b52aad6ce2cf9,ChIJ73xDrnz19I4Rs7eom3zaKXg,Palenke Bar,5,11.2433395,-74.2126682,11.2447123303,-74.2113162697,11.2420143697,-74.2140142303
351,6,SantaMarta,Centro,OK,b69f5c400b3c513ab9818cd55dcee39187eaff64,ChIJowWGf3v19I4RlMJo4NDla3U,Refresqueria y Estadero La 21,0,11.2410219,-74.2119229,11.2424176803,-74.2105652697,11.2397197197,-74.2132632303
352,6,SantaMarta,Centro,OK,1f9017d531edf189a8ca137f9db036ce7b8d9738,ChIJLXT4r3z19I4Ro0hQfaeC7J8,Barrio Samario,0,11.2431429,-74.212776,11.2444969303,-74.2114671697,11.2417989697,-74.2141651303
353,6,SantaMarta,Centro,OK,fecdb546388956882d76b7cc978bca66c4fc6057,ChIJ3b_MgXz19I4R9-TnyXd7Mkk,El Sitio,0,11.2411902,-74.2121264,11.2425353803,-74.2107781197,11.2398374197,-74.2134760803
354,6,SantaMarta,Centro,OK,ddb8d54c472d9f1a8124eee921a3c9878df90156,ChIJGStJu3z19I4RZ4ViboNc8Cg,Mi Oficina,4.2,11.2428328,-74.2128302,11.2442092303,-74.2114774197,11.2415112697,-74.2141753803
355,6,SantaMarta,Centro,OK,0e1d7ba05087c0737ede761d2d49e8ef045287af,ChIJUXe4vHz19I4RU4VZN49CTvM,Restaurante & Bar Bali,3,11.2426845,-74.212851,11.2440369803,-74.2115331197,11.2413390197,-74.2142310803
356,6,SantaMarta,Centro,OK,998a45efb92f172d3011ca518ce4a14f2b57c67e,ChIJ8eGLl3z19I4Rj4RVsvE3KXk,Hollywood Bar Restaurante,0,11.2423168,-74.2128151,11.2436880303,-74.2114632697,11.2409900697,-74.2141612303
357,6,SantaMarta,Centro,OK,43e8828da96d6843b6e80682a0476e1a9cea1452,ChIJbx-fl3z19I4RopoCtAFoKdw,Cafe Bar Parque de los Novios,4.2,11.2423448,-74.2128469,11.2436923303,-74.2114981197,11.2409943697,-74.2141960803
358,6,SantaMarta,Centro,OK,ba58eeb429808602e3060be8217704fef2f64154,ChIJa1D7sXz19I4RR6MEBqJOhHQ,albania - bar,4.7,11.2434137,-74.212822,11.2447937803,-74.2114677697,11.2420958197,-74.2141657303
359,6,SantaMarta,Centro,OK,d198cc3cc0f9f2448e3ed683e82c5ef713526feb,ChIJnY7ml3z19I4RMLGyyZNecu8,Barbas Disco Bar,0,11.2423964,-74.2128697,11.2437583303,-74.2115190697,11.2410603697,-74.2142170303
360,6,SantaMarta,Centro,OK,83c31bef5b9ec22f473d71b790a8e3d8682ce18b,ChIJ5bh1l3z19I4RWvJeFrL_u-0,Marley Cafe Bar,4.9,11.2422593,-74.2128781,11.2436112803,-74.2115697697,11.2409133197,-74.2142677303
361,7,SantaMarta,Rodadero,OK,0d1e85a5e3d1847bbe09aa6622a4f715c95ef0bc,ChIJSy3dWFBf9I4RT32AOgvdTQg,Hotel Charmin,4.2,11.1987797,-74.2269393,11.2001496803,-74.2255903197,11.1974517197,-74.2282882803
362,7,SantaMarta,Rodadero,OK,105eb81f53e833d91095ecfe7459a0788309dfd2,ChIJh6BSa1Jf9I4RAx0o-ke1moU,Hotel Palma Blanca del Mar,4.2,11.193954,-74.228391,11.1952223303,-74.2270861697,11.1925243697,-74.2297841303
363,7,SantaMarta,Rodadero,OK,3a8c83d50f2c6da2c33d64f8aa87ec4a1eef1b5e,ChIJky5Pg1Ff9I4RdwLPFAGDPlY,Casa del Ritmo - Hostel & RestoBar,4.5,11.1958144,-74.2269238,11.1971207803,-74.2255792197,11.1944228197,-74.2282771803
364,7,SantaMarta,Rodadero,OK,2082cb83d8fe9dd49eb11901c1dc996394f5a440,ChIJQU-QX1Bf9I4Rm5idY-NGJJU,Bariloche,0,11.19912,-74.22679,11.2004689803,-74.2254410197,11.1977710197,-74.2281389803
365,7,SantaMarta,Rodadero,OK,f2cd3f787c7f26c75db73e766f9f34460e2b040e,ChIJX6DmlV5f9I4RUYHePlKBKuM,PUNTA BRAVA RESTAURANTE,4.5,11.2073203,-74.2226735,11.2086692803,-74.2213245197,11.2059713197,-74.2240224803
366,7,SantaMarta,Rodadero,OK,1f786be0853f394302f55783b362e80c0cf500ec,ChIJ1wMy7v_19I4ReVg3gnMRh_Q,El Bar,5,11.1899915,-74.2171515,11.1913299803,-74.2158104197,11.1886320197,-74.2185083803
367,7,SantaMarta,Rodadero,OK,a2cd71a48c5bd52eaf33fc457c9a525ae7f26dd5,ChIJCzBbG1Ff9I4R4KhX_6n6gQ8,mangos,0,11.1974385,-74.2259425,11.1987848303,-74.2246426697,11.1960868697,-74.2273406303
368,7,SantaMarta,Rodadero,OK,4b6928e3822fe09006f3b769e497b2f46be5d8af,ChIJ40cy-1Bf9I4R7VIyUlQiXwI,Barra Libre,0,11.19829,-74.22602,11.1996389803,-74.2246710197,11.1969410197,-74.2273689803
369,7,SantaMarta,Rodadero,OK,f936ee6ac33c93e46e1060d805ba8b6022e357b2,ChIJ63pi2VNf9I4RIBgGXIKdY_c,Restaurante Del Paisa,4.5,11.1947258,-74.2257598,11.1960707803,-74.2244757197,11.1933728197,-74.2271736803
370,7,SantaMarta,Rodadero,OK,d93ab5cdb92353043203dc21942cd5a339827b70,ChIJI4Owi1pf9I4Rn1421eqlVm8,the kitchen,0,11.2017677,-74.2269651,11.2030955803,-74.2255537197,11.2003976197,-74.2282516803
371,7,SantaMarta,Rodadero,OK,46a2c0de7d7b2d11fd3cd68e003bbde4c3e4e56e,ChIJ15aei1pf9I4RzOS8TIxYdl4,acurio rodadero de playa verde,4,11.2018124,-74.2270311,11.2031613803,-74.2256821197,11.2004634197,-74.2283800803
372,7,SantaMarta,Rodadero,OK,7f6370750db3acf96e2291b579a7e460fb5a228e,ChIJqWDdWFpf9I4RNTysNtAHI-g,El Caleño,4,11.2024031,-74.2265933,11.2037499803,-74.2252829697,11.2010520197,-74.2279809303
373,7,SantaMarta,Rodadero,OK,37ec35ee0be63029b18c67e68acd77342ac6c4e3,ChIJBRZ4WVpf9I4RRiOhWIaFoKM,D'Rumba con el Caleño,1,11.2024751,-74.2264115,11.2038169803,-74.2251938197,11.2011190197,-74.2278917803
374,7,SantaMarta,Rodadero,OK,de009dcdcaa417038df9970d7455785f9b12f3cc,ChIJMTYJ9lpf9I4R99NYkOZYm0s,mister licores,0,11.2023492,-74.2267995,11.2036981803,-74.2254505197,11.2010002197,-74.2281484803
375,7,SantaMarta,Rodadero,OK,c9875c3d9b3f3a8245d6f61ff5c04072e8eeac48,ChIJOzEXk1pf9I4RCLic5_8dX54,El Pescador Paisa,2.9,11.2019298,-74.227707,11.2032950803,-74.2264096197,11.2005971197,-74.2291075803
376,7,SantaMarta,Rodadero,OK,8097e1df6a8871369e8321065961f9c7c16b6783,ChIJPcPV7Fpf9I4RKKLdt2MOZ5g,Wisqueria Nacional,0,11.2020512,-74.2276604,11.2034381803,-74.2263365197,11.2007402197,-74.2290344803
377,7,SantaMarta,Rodadero,OK,9fd320954b144929c159ac2472341ce2f7fb526c,ChIJpUM26Fpf9I4RJ9mSh4vf37w,Latino Café Restaurante Bar,4,11.2023853,-74.2274066,11.2037321303,-74.2260977697,11.2010341697,-74.2287957303
378,7,SantaMarta,Rodadero,OK,fec6d04ebadba8974c37d2e5253874ffa35157bc,ChIJy6OC-Fpf9I4R3UySw1q3VBU,El Palacio De Los Jugos Ruben,0,11.2028794,-74.2267384,11.2042153303,-74.2253887197,11.2015173697,-74.2280866803
379,7,SantaMarta,Rodadero,OK,1202010b3387c794f4203f949c62c52bd9b47547,ChIJU1qrTVpf9I4Rt3LRW6E-Izk,RESTAURANTE BAR EL RINCON BOHEMIO,3,11.2031155,-74.2258231,11.2044641303,-74.2244928197,11.2017661697,-74.2271907803
380,7,SantaMarta,Rodadero,OK,b5a1bf13bb9104f0b7281764f460722b008ff5a3,ChIJTX0dTVpf9I4RsgOgrcxozjY,Calle 9,0,11.2031859,-74.2258198,11.2045344803,-74.2244941197,11.2018365197,-74.2271920803
381,7,SantaMarta,Rodadero,OK,cd7a46f6eb6f223bacddacce0e6c3d8268da4791,ChIJRSAheFZf9I4R1qmMJ6k_wJc,Arcadia game bar,3,11.1948669,-74.2201456,11.1961756303,-74.2187900697,11.1934776697,-74.2214880303
382,7,SantaMarta,Rodadero,OK,bf74263b394f59df2d8403fcb390d3939b5ac238,ChIJjeDJTlRf9I4R0AGdtDtUN_4,Pachanga Y Pochola,0,11.1930858,-74.2213267,11.1944661803,-74.2199803697,11.1917682197,-74.2226783303
383,7,SantaMarta,Rodadero,OK,7621126d3ebad13cc7c8aa3520f1b14a4fce42ae,ChIJ942esVtf9I4Rx86D-ckFRYE,Bar,0,11.203719,-74.2258339,11.2050676303,-74.2245039197,11.2023696697,-74.2272018803
384,7,SantaMarta,Rodadero,OK,149e7a59cf8f124c18630551b5f514b4bd7799a2,ChIJVcVZyFtf9I4RriMO270IhLM,Coco Roots,4,11.2038282,-74.2251003,11.2051778303,-74.2237212197,11.2024798697,-74.2264191803
385,7,SantaMarta,Rodadero,OK,ecc89e24599f0e443b352f6963f8791888bf5342,ChIJH8wat1tf9I4R-SsODuc5LCo,Champagne Disco-Club,0,11.20384,-74.2255,11.2051889803,-74.2241510197,11.2024910197,-74.2268489803
386,7,SantaMarta,Rodadero,OK,17a115e70aaad196b09e03671847beaa8c8c2cbb,ChIJKTs7A1tf9I4RCnx63PZJZcQ,Tomadero El Barrilete,0,11.20361,-74.22741,11.2049589803,-74.2260610197,11.2022610197,-74.2287589803
387,7,SantaMarta,Rodadero,OK,835d7731ed628a54dfd7058a059ced77931e9d9f,ChIJzRdQBVtf9I4RMoEXcWKIwyI,Restaurante Karey,4.1,11.20375,-74.227499,11.2050596803,-74.2261301697,11.2023617197,-74.2288281303
388,7,SantaMarta,Rodadero,OK,2697942f0f8f290aabae6c9544bace1b9bbaf159,ChIJLTo2G1tf9I4R1HROQ52bFvo,Coco Coctel Bar,0,11.2038299,-74.2275012,11.2051788803,-74.2261522197,11.2024809197,-74.2288501803
389,7,SantaMarta,Rodadero,OK,77283a2f33004c92df2b6658a338962ad7963828,ChIJYTu2FVNf9I4R3EjLIvtgV48,Estanco Y Punto Frio La Cuarta,3.2,11.1910803,-74.2255412,11.1923680803,-74.2241861197,11.1896701197,-74.2268840803
390,7,SantaMarta,Rodadero,OK,1576c6c0e7cff62454a9d21ab9a61f55c6d3bcf8,ChIJ641MvVtf9I4RKYqKqwnfr7c,Punto Heineken,5,11.2046287,-74.2259941,11.2059242803,-74.2246454697,11.2032263197,-74.2273434303
391,7,SantaMarta,Rodadero,OK,6bf78db09a4d8c9a7ebefef731c6b4d25461d17d,ChIJ7VKUXVNf9I4RHbLbCT4voB0,Tienda Y Estadero Rancho Verde,0,11.1907942,-74.2242745,11.1921066803,-74.2229201697,11.1894087197,-74.2256181303
392,7,SantaMarta,Rodadero,OK,2453e2c19f379db56888aceeed6f225adb0c4fb0,ChIJM8sqnltf9I4RXZQ08RBA_T0,Deja-Vu Café Bar,5,11.2049,-74.22673,11.2062493303,-74.2253683697,11.2035513697,-74.2280663303
393,7,SantaMarta,Rodadero,OK,23d51021ecedc68d1573e25a5d0472cba41baade,ChIJ69E6nltf9I4RA0fcaRmqNwM,Delicias Suiza,4.7,11.204949,-74.226689,11.2062971803,-74.2253697197,11.2035992197,-74.2280676803
394,7,SantaMarta,Rodadero,OK,fe48d562ca8ac9256428ab5ba828746ac7bb0f9b,ChIJM8sqnltf9I4RHct75WbNo3k,DEJAVU,3.8,11.2050539,-74.2266878,11.2064018303,-74.2253718197,11.2037038697,-74.2280697803
395,7,SantaMarta,Rodadero,OK,901d05f6f45b1953cfd4b5fad60559c78afb95ed,ChIJQ0qi8ltf9I4R9aN4oKyyQfc,vikingos Bar,2,11.2053589,-74.2251882,11.2067078803,-74.2238392197,11.2040099197,-74.2265371803
396,7,SantaMarta,Rodadero,OK,1a9da470929988b042100f7fd055c331bcf1c155,ChIJBb6Ij1tf9I4RMu48erW7Gt0,La Estancia,4.5,11.2054992,-74.2259857,11.2068479803,-74.2246399197,11.2041500197,-74.2273378803
397,7,SantaMarta,Rodadero,OK,8bd825684c3ab3f79141964678209871ee694716,ChIJdfiug1tf9I4R4ooAv_Iwb3U,Bar Jamaica,4.7,11.2056375,-74.2264845,11.2069691303,-74.2251107697,11.2042711697,-74.2278087303
398,7,SantaMarta,Rodadero,OK,cc37687495e80fb8b9e1752ccdb32857eac5a99d,ChIJ8UbRsFRf9I4Ru3D8M672Hik,Bar Gairaca,3.3,11.1899199,-74.2227818,11.1912688803,-74.2214328197,11.1885709197,-74.2241307803
399,7,SantaMarta,Rodadero,OK,ab4e26dca3de471c92e2c9f2cecf6b968fb43dfc,ChIJI6fxiltf9I4RchXqMEesjIs,Restaurante Gourmet Paisa,4.2,11.2059163,-74.2254178,11.2072994803,-74.2240800197,11.2046015197,-74.2267779803
400,7,SantaMarta,Rodadero,OK,d397fed1f046df925f8465258fd5610d4ad2ace3,ChIJxafwtlRf9I4RUL1IPhB95i0,TATTO'S CLUB,0,11.1898745,-74.2225441,11.1912364803,-74.2211966197,11.1885385197,-74.2238945803
401,7,SantaMarta,Rodadero,OK,7aa8c75a8234d2eb03cd13bf7aad714e1a2451fa,ChIJc2gtf1tf9I4ReCetiFhb7eU,El BACANO,0,11.2057716,-74.2268772,11.2071208303,-74.2255275197,11.2044228697,-74.2282254803
402,7,SantaMarta,Rodadero,OK,76a8976f71765489026deb6fd6e122f7173c7650,ChIJIYuIY1tf9I4R4264BdBzHiI,Ricky's,4,11.2058219,-74.227705,11.2071759803,-74.2263368197,11.2044780197,-74.2290347803
403,7,SantaMarta,Rodadero,OK,30d934bcdf703212f0faa4852bcecb32b3f10c90,ChIJba_AdFxf9I4RppqIiw8Us4U,Cafe bar AMARETTO,0,11.206282,-74.2253407,11.2075104803,-74.2239522197,11.2048125197,-74.2266501803
404,7,SantaMarta,Rodadero,OK,18c21bfdcbd341b313b366bacebd93fd52d67b41,ChIJJbJjYltf9I4RT-Aa5TgbdXs,La Bodeguilla Del Rodadero / Di Vino,4.6,11.2060948,-74.2276665,11.2074731303,-74.2263255197,11.2047751697,-74.2290234803
405,7,SantaMarta,Rodadero,OK,c039560fa8d8effff60c3823dc41c2a0c3be0d17,ChIJG4QrDVxf9I4RD-WKuVqRrM8,Restaurante El Paisano,4,11.206736,-74.225328,11.2080849803,-74.2239790197,11.2053870197,-74.2266769803
406,7,SantaMarta,Rodadero,OK,5d95d22ae23ffa98ae0aad7aaec97e1fe081f51f,ChIJ2-E8Vlxf9I4R5iCIBeOjLOg,Antike & Pique,4.2,11.2084046,-74.2266841,11.2097535803,-74.2253351197,11.2070556197,-74.2280330803
407,7,SantaMarta,Rodadero,OK,9c000f55bcf239bfbd25bcd56c95a5ba024b5b0a,ChIJj2VM_6xY9I4RNP0x1xCilaM,Club Dubai,4,11.1869252,-74.226384,11.1882741803,-74.2250350197,11.1855762197,-74.2277329803
408,7,SantaMarta,Rodadero,OK,192ff9c38b8fa6778d80b6a31e5d7e69176526e2,ChIJdbk_7__19I4RZegI6TEITOY,G2 Terraza Bar,0,11.1898798,-74.2169169,11.1912287803,-74.2155679197,11.1885308197,-74.2182658803
