id,user_id,cat_id,event_date,value,type,created_at,updated_at
1,1,1,"2017-02-28 06:56:00",-2400.00,CASH,"2017-05-12 16:08:11",NULL
2,1,2,"2017-02-28 07:36:00",-5000.00,CASH,"2017-05-12 16:08:11",NULL
3,1,6,"2017-02-28 12:30:00",-10000.00,CASH,"2017-05-12 16:08:11",NULL
4,1,7,"2017-02-28 13:00:00",-2000.00,CASH,"2017-05-12 16:08:11",NULL
5,1,1,"2017-02-28 17:12:00",-2400.00,DEBIT,"2017-05-12 16:08:11",NULL
6,1,1,"2017-02-28 18:00:00",-2400.00,CASH,"2017-05-12 16:08:11",NULL
7,1,11,"2017-02-28 21:10:00",-64000.00,CASH,"2017-05-12 16:08:11",NULL
8,1,1,"2017-03-01 07:20:00",-2400.00,CASH,"2017-05-12 16:08:11",NULL
9,1,4,"2017-03-01 08:36:00",-8600.00,CASH,"2017-05-12 16:08:11",NULL
10,1,6,"2017-03-01 13:00:00",-15500.00,CASH,"2017-05-12 16:08:11",NULL
11,1,1,"2017-03-01 14:15:00",-2400.00,CASH,"2017-05-12 16:08:11",NULL
12,1,10,"2017-03-01 18:00:00",-9900.00,CASH,"2017-05-12 16:08:11",NULL
13,1,1,"2017-03-01 18:45:00",-2000.00,CASH,"2017-05-12 16:08:11",NULL
14,1,13,"2017-03-01 18:56:00",-50000.00,CASH,"2017-05-12 16:08:11",NULL
15,1,1,"2017-03-02 07:27:00",-2400.00,CASH,"2017-05-12 16:08:11",NULL
16,1,2,"2017-03-02 09:12:00",-5000.00,CASH,"2017-05-12 16:08:11",NULL
17,1,8,"2017-03-02 07:30:00",-29000.00,CASH,"2017-05-12 16:08:11",NULL
18,1,1,"2017-03-02 17:40:00",-2400.00,CASH,"2017-05-12 16:08:11",NULL
19,1,1,"2017-03-03 07:40:00",-2400.00,CASH,"2017-05-12 16:08:11",NULL
20,1,6,"2017-03-03 12:00:00",-21000.00,CASH,"2017-05-12 16:08:11",NULL
21,1,1,"2017-03-03 17:50:00",-2400.00,CASH,"2017-05-12 16:08:11",NULL
22,1,14,"2017-03-03 18:03:00",-400.00,CASH,"2017-05-12 16:08:11",NULL
23,1,2,"2017-03-03 18:33:00",-9400.00,CASH,"2017-05-12 16:08:11",NULL
24,1,8,"2017-03-03 21:06:00",-50000.00,CASH,"2017-05-12 16:08:11",NULL
25,1,9,"2017-03-03 22:12:00",-9500.00,CASH,"2017-05-12 16:08:11",NULL
58,1,1,"2017-03-06 17:31:00",-2400.00,CASH,"2017-05-12 16:08:11",NULL
57,1,6,"2017-03-06 09:45:01",-19000.00,CASH,"2017-05-12 16:08:11",NULL
56,1,2,"2017-03-06 09:45:00",-8300.00,CASH,"2017-05-12 16:08:11",NULL
55,1,1,"2017-03-06 07:50:00",-2400.00,CASH,"2017-05-12 16:08:11",NULL
54,1,1,"2017-03-05 20:02:00",-2300.00,CASH,"2017-05-12 16:08:11",NULL
53,1,9,"2017-03-05 19:05:00",-13000.00,CASH,"2017-05-12 16:08:11",NULL
52,1,10,"2017-03-05 17:50:00",-6600.00,CASH,"2017-05-12 16:08:11",NULL
51,1,1,"2017-03-05 15:50:00",-2300.00,CASH,"2017-05-12 16:08:11",NULL
50,1,10,"2017-03-04 16:25:00",-7600.00,CASH,"2017-05-12 16:08:11",NULL
49,1,6,"2017-03-04 14:44:00",-30700.00,CASH,"2017-05-12 16:08:11",NULL
48,1,15,"2017-03-04 10:55:00",200.00,CASH,"2017-05-12 16:08:11",NULL
59,1,1,"2017-03-07 07:20:00",-2400.00,CASH,"2017-05-12 16:08:11",NULL
60,1,6,"2017-03-07 01:50:00",-18500.00,CASH,"2017-05-12 16:08:11",NULL
61,1,2,"2017-03-07 03:12:00",-4200.00,CASH,"2017-05-12 16:08:11",NULL
62,1,16,"2017-03-07 03:46:00",-5600.00,CASH,"2017-05-12 16:08:11",NULL
63,1,1,"2017-03-07 06:02:00",-2000.00,CASH,"2017-05-12 16:08:11",NULL
64,1,17,"2017-03-08 08:01:00",-15000.00,CASH,"2017-05-12 16:08:11",NULL
65,1,1,"2017-03-08 08:03:00",-2400.00,CASH,"2017-05-12 16:08:11",NULL
66,1,2,"2017-03-08 09:32:00",-7600.00,CASH,"2017-05-12 16:08:11",NULL
67,1,6,"2017-03-08 12:53:00",-10500.00,CASH,"2017-05-12 16:08:11",NULL
68,1,18,"2017-03-08 13:40:00",-6100.00,CASH,"2017-05-12 16:08:11",NULL
69,1,1,"2017-03-08 18:00:00",-2000.00,CASH,"2017-05-12 16:08:11",NULL
70,1,1,"2017-03-09 07:40:00",-2400.00,CASH,"2017-05-12 16:08:11",NULL
71,1,4,"2017-03-09 08:15:00",-2700.00,CASH,"2017-05-12 16:08:11",NULL
72,1,6,"2017-03-09 13:22:43",-18500.00,CASH,"2017-05-12 16:08:11",NULL
73,1,7,"2017-03-09 14:02:21",-2500.00,CASH,"2017-05-12 16:08:11",NULL
74,1,1,"2017-03-09 18:00:00",-2000.00,CASH,"2017-05-12 16:08:11",NULL
75,1,10,"2017-03-09 19:48:47",-123000.00,CASH,"2017-05-12 16:08:11",NULL
76,1,21,"2017-03-09 20:40:00",-1500.00,CASH,"2017-05-12 16:08:11",NULL
77,1,1,"2017-03-10 07:16:21",-2400.00,CASH,"2017-05-12 16:08:11",NULL
78,1,6,"2017-03-10 12:03:00",-13000.00,CASH,"2017-05-12 16:08:11",NULL
79,1,3,"2017-03-10 14:39:00",-2100.00,CASH,"2017-05-12 16:08:11",NULL
80,1,2,"2017-03-10 17:07:00",-8300.00,CASH,"2017-05-12 16:08:11",NULL
81,1,1,"2017-03-10 17:32:00",-2000.00,CASH,"2017-05-12 16:08:11",NULL
82,1,8,"2017-03-11 18:39:26",-25900.00,CASH,"2017-05-12 16:08:11",NULL
83,1,9,"2017-03-11 19:45:21",-1100.00,CASH,"2017-05-12 16:08:11",NULL
84,1,8,"2017-03-12 20:28:00",-13900.00,CASH,"2017-05-12 16:08:11",NULL
85,1,18,"2017-03-12 20:37:00",-2400.00,CASH,"2017-05-12 16:08:11",NULL
86,1,1,"2017-03-12 08:03:00",-2400.00,CASH,"2017-05-12 16:08:11",NULL
87,1,4,"2017-03-12 08:52:00",-2800.00,CASH,"2017-05-12 16:08:11",NULL
88,1,6,"2017-03-12 13:30:21",-19200.00,CASH,"2017-05-12 16:08:11",NULL
89,1,18,"2017-03-12 13:58:59",-10100.00,CASH,"2017-05-12 16:08:11",NULL
90,1,1,"2017-03-12 15:23:47",-2000.00,CASH,"2017-05-12 16:08:11",NULL
91,1,24,"2017-03-12 19:28:00",100000.00,DEBIT,"2017-05-12 16:08:11",NULL
92,1,8,"2017-03-12 19:58:23",-5300.00,CASH,"2017-05-12 16:08:11",NULL
93,1,25,"2017-03-13 23:46:19",-80900.00,CASH,"2017-05-12 16:08:11",NULL
94,1,1,"2017-03-14 08:00:00",-2450.00,CASH,"2017-05-12 16:08:11",NULL
95,1,2,"2017-03-14 08:30:00",-1300.00,CASH,"2017-05-12 16:08:11",NULL
96,1,6,"2017-03-14 13:58:55",-22000.00,CASH,"2017-05-12 16:08:11",NULL
97,1,1,"2017-03-14 18:52:16",-2000.00,CASH,"2017-05-12 16:08:11",NULL
98,1,1,"2017-03-15 07:15:00",-2400.00,CASH,"2017-05-12 16:08:11",NULL
99,1,4,"2017-03-15 07:54:00",-2700.00,CASH,"2017-05-12 16:08:11",NULL
100,1,6,"2017-03-15 13:12:24",-9500.00,CASH,"2017-05-12 16:08:11",NULL
101,1,1,"2017-03-15 17:03:36",-2000.00,CASH,"2017-05-12 16:08:11",NULL
102,1,8,"2017-03-15 18:21:42",-10500.00,CASH,"2017-05-12 16:08:11",NULL
103,1,18,"2017-03-15 18:52:36",-800.00,CASH,"2017-05-12 16:08:11",NULL
104,1,1,"2017-03-16 08:07:49",-2400.00,CASH,"2017-05-12 16:08:11",NULL
105,1,4,"2017-03-16 08:50:23",-2700.00,CASH,"2017-05-12 16:08:11",NULL
106,1,6,"2017-03-16 15:36:00",-15500.00,CASH,"2017-05-12 16:08:11",NULL
107,1,26,"2017-03-16 17:28:00",-10000.00,CASH,"2017-05-12 16:08:11",NULL
108,1,1,"2017-03-16 17:36:00",-2400.00,CASH,"2017-05-12 16:08:11",NULL
109,1,24,"2017-03-16 18:16:00",100000.00,CASH,"2017-05-12 16:08:11",NULL
110,1,7,"2017-03-16 18:22:00",-2800.00,CASH,"2017-05-12 16:08:11",NULL
111,1,23,"2017-03-16 19:20:00",-3500.00,CASH,"2017-05-12 16:08:11",NULL
112,1,27,"2017-03-16 20:10:00",-3000.00,CASH,"2017-05-12 16:08:11",NULL
113,1,27,"2017-03-16 20:45:00",-3000.00,CASH,"2017-05-12 16:08:11",NULL
114,1,1,"2017-03-17 07:20:00",-2400.00,CASH,"2017-05-12 16:08:11",NULL
115,1,4,"2017-03-17 08:21:00",-2800.00,CASH,"2017-05-12 16:08:11",NULL
116,1,6,"2017-03-17 13:55:36",-15500.00,CASH,"2017-05-12 16:08:11",NULL
117,1,1,"2017-03-17 17:26:18",-2000.00,CASH,"2017-05-12 16:08:11",NULL
118,1,1,"2017-03-18 09:30:00",-2400.00,CASH,"2017-05-12 16:08:11",NULL
119,1,6,"2017-03-18 14:02:52",-24800.00,CASH,"2017-05-12 16:08:11",NULL
120,1,2,"2017-03-18 14:48:00",-5700.00,CASH,"2017-05-12 16:08:11",NULL
121,1,1,"2017-03-18 15:53:00",-2400.00,CASH,"2017-05-12 16:08:11",NULL
122,1,8,"2017-03-18 20:40:00",-10000.00,CASH,"2017-05-12 16:08:11",NULL
123,1,4,"2017-03-19 07:13:00",-3400.00,CASH,"2017-05-12 16:08:11",NULL
124,1,1,"2017-03-19 07:15:00",-2300.00,CASH,"2017-05-12 16:08:11",NULL
125,1,5,"2017-03-19 07:50:00",-2800.00,CASH,"2017-05-12 16:08:11",NULL
126,1,5,"2017-03-19 10:44:00",-2000.00,CASH,"2017-05-12 16:08:11",NULL
127,1,5,"2017-03-19 10:46:00",-1600.00,CASH,"2017-05-12 16:08:11",NULL
128,1,1,"2017-03-19 11:07:00",-2300.00,CASH,"2017-05-12 16:08:11",NULL
129,1,1,"2017-03-19 11:59:00",-6000.00,CASH,"2017-05-12 16:08:11",NULL
130,1,6,"2017-03-19 14:50:00",-20000.00,CASH,"2017-05-12 16:08:11",NULL
131,1,7,"2017-03-19 15:15:00",-8000.00,CASH,"2017-05-12 16:08:11",NULL
132,1,28,"2017-03-19 15:25:00",-3000.00,CASH,"2017-05-12 16:08:11",NULL
133,1,7,"2017-03-19 19:48:00",-8100.00,CASH,"2017-05-12 16:08:11",NULL
134,1,19,"2017-03-19 20:30:00",0.00,CASH,"2017-05-12 16:08:11",NULL
162,1,29,"2017-03-21 19:27:00",-550000.00,CASH,"2017-05-12 16:08:11",NULL
161,1,10,"2017-03-21 19:02:15",-50.00,CASH,"2017-05-12 16:08:11",NULL
160,1,10,"2017-03-21 19:02:00",-28850.00,CASH,"2017-05-12 16:08:11",NULL
159,1,1,"2017-03-21 17:40:00",-2000.00,CASH,"2017-05-12 16:08:11",NULL
158,1,24,"2017-03-21 17:33:00",600000.00,CASH,"2017-05-12 16:08:11",NULL
157,1,6,"2017-03-21 13:53:47",-21000.00,CASH,"2017-05-12 16:08:11",NULL
156,1,4,"2017-03-21 07:41:00",-2700.00,CASH,"2017-05-12 16:08:11",NULL
155,1,1,"2017-03-21 06:58:00",-2400.00,CASH,"2017-05-12 16:08:11",NULL
154,1,8,"2017-03-20 18:40:00",-2300.00,CASH,"2017-05-12 16:08:11",NULL
153,1,1,"2017-03-20 17:43:00",-2000.00,CASH,"2017-05-12 16:08:11",NULL
152,1,24,"2017-03-20 17:32:00",100000.00,CASH,"2017-05-12 16:08:11",NULL
151,1,6,"2017-03-20 14:18:17",-22900.00,CASH,"2017-05-12 16:08:11",NULL
150,1,1,"2017-03-20 07:58:00",-2300.00,CASH,"2017-05-12 16:08:11",NULL
149,1,4,"2017-03-20 07:55:00",-2300.00,CASH,"2017-05-12 16:08:11",NULL
163,1,17,"2017-03-21 21:08:00",-15000.00,CASH,"2017-05-12 16:08:11",NULL
164,1,1,"2017-03-22 07:26:00",-2400.00,CASH,"2017-05-12 16:08:11",NULL
165,1,6,"2017-03-22 13:12:51",-13800.00,CASH,"2017-05-12 16:08:11",NULL
166,1,15,"2017-03-22 13:12:56",100.00,CASH,"2017-05-12 16:08:11",NULL
167,1,3,"2017-03-22 13:47:00",-900.00,CASH,"2017-05-12 16:08:11",NULL
168,1,1,"2017-03-22 18:56:00",-2000.00,CASH,"2017-05-12 16:08:11",NULL
169,1,8,"2017-03-22 19:47:00",-5800.00,CASH,"2017-05-12 16:08:11",NULL
170,1,1,"2017-03-23 08:23:00",-2400.00,CASH,"2017-05-12 16:08:11",NULL
171,1,6,"2017-03-23 13:11:00",-21100.00,CASH,"2017-05-12 16:08:11",NULL
172,1,1,"2017-03-23 17:50:00",-2000.00,CASH,"2017-05-12 16:08:11",NULL
173,1,1,"2017-03-24 07:26:00",-2400.00,CASH,"2017-05-12 16:08:11",NULL
174,1,30,"2017-03-24 11:02:00",4867000.00,DEBIT,"2017-05-12 16:08:11",NULL
175,1,6,"2017-03-24 12:03:11",-22000.00,CASH,"2017-05-12 16:08:11",NULL
176,1,7,"2017-03-24 12:29:45",-9800.00,DEBIT,"2017-05-12 16:08:11",NULL
177,1,1,"2017-03-24 17:33:00",-2000.00,CASH,"2017-05-12 16:08:11",NULL
178,1,24,"2017-03-24 18:26:00",300000.00,CASH,"2017-05-12 16:08:11",NULL
179,1,8,"2017-03-24 18:38:00",-17500.00,CASH,"2017-05-12 16:08:11",NULL
180,1,19,"2017-03-25 07:00:00",-12600.00,CASH,"2017-05-12 16:08:11",NULL
181,1,10,"2017-03-25 07:52:00",-2300.00,CASH,"2017-05-12 16:08:11",NULL
182,1,4,"2017-03-25 08:10:00",-6000.00,CASH,"2017-05-12 16:08:11",NULL
183,1,1,"2017-03-25 09:30:00",-2400.00,CASH,"2017-05-12 16:08:11",NULL
184,1,7,"2017-03-25 14:35:26",-2600.00,CASH,"2017-05-12 16:08:11",NULL
185,1,7,"2017-03-25 14:54:00",-2500.00,CASH,"2017-05-12 16:08:11",NULL
186,1,8,"2017-03-26 19:34:14",-25900.00,CASH,"2017-05-12 16:08:11",NULL
187,1,9,"2017-03-26 20:15:00",-2300.00,CASH,"2017-05-12 16:08:11",NULL
188,1,1,"2017-03-26 00:00:00",-2500.00,CASH,"2017-05-12 16:08:11",NULL
189,1,14,"2017-03-26 00:00:01",-1300.00,CASH,"2017-05-12 16:08:11",NULL
190,1,4,"2017-03-26 00:00:02",-1700.00,CASH,"2017-05-12 16:08:11",NULL
191,1,6,"2017-03-26 00:00:03",-15500.00,CASH,"2017-05-12 16:08:11",NULL
192,1,3,"2017-03-26 00:00:04",-2200.00,CASH,"2017-05-12 16:08:11",NULL
193,1,1,"2017-03-27 00:00:00",-2400.00,CASH,"2017-05-12 16:08:11",NULL
194,1,7,"2017-03-27 00:00:01",-3500.00,CASH,"2017-05-12 16:08:11",NULL
232,1,7,"2017-03-31 13:39:28",-7900.00,CASH,"2017-05-12 16:08:11",NULL
231,1,6,"2017-03-31 13:01:19",-30600.00,CASH,"2017-05-12 16:08:11",NULL
230,1,4,"2017-03-31 08:21:00",-1800.00,CASH,"2017-05-12 16:08:11",NULL
229,1,1,"2017-03-31 07:40:00",-2400.00,CASH,"2017-05-12 16:08:11",NULL
228,1,10,"2017-03-30 20:24:00",-16400.00,CASH,"2017-05-12 16:08:11",NULL
227,1,1,"2017-03-30 19:03:00",-2400.00,CASH,"2017-05-12 16:08:11",NULL
226,1,6,"2017-03-30 13:44:26",-15900.00,CASH,"2017-05-12 16:08:11",NULL
225,1,1,"2017-03-30 08:05:34",-2400.00,CASH,"2017-05-12 16:08:11",NULL
224,1,9,"2017-03-28 19:50:00",-1500.00,CASH,"2017-05-12 16:08:11",NULL
223,1,8,"2017-03-28 19:39:00",-5500.00,CASH,"2017-05-12 16:08:11",NULL
222,1,32,"2017-03-28 07:17:00",-1800.00,CASH,"2017-05-12 16:08:11",NULL
221,1,1,"2017-03-28 05:40:00",-2400.00,CASH,"2017-05-12 16:08:11",NULL
220,1,3,"2017-03-28 13:02:00",-800.00,CASH,"2017-05-12 16:08:11",NULL
219,1,6,"2017-03-28 12:41:34",-12900.00,CASH,"2017-05-12 16:08:11",NULL
218,1,4,"2017-03-28 08:26:00",-1700.00,CASH,"2017-05-12 16:08:11",NULL
217,1,1,"2017-03-28 07:46:00",-2400.00,CASH,"2017-05-12 16:08:11",NULL
211,1,1,"2017-03-29 08:04:39",-2400.00,CASH,"2017-05-12 16:08:11",NULL
212,1,4,"2017-03-29 08:46:00",-2300.00,CASH,"2017-05-12 16:08:11",NULL
213,1,1,"2017-03-29 08:31:00",-2300.00,CASH,"2017-05-12 16:08:11",NULL
214,1,7,"2017-03-29 19:33:00",-3500.00,CASH,"2017-05-12 16:08:11",NULL
215,1,7,"2017-03-29 20:12:00",-1500.00,CASH,"2017-05-12 16:08:11",NULL
216,1,8,"2017-03-29 21:01:48",-30700.00,CASH,"2017-05-12 16:08:11",NULL
233,1,19,"2017-03-31 21:45:56",-5000.00,CASH,"2017-05-12 16:08:11",NULL
234,1,11,"2017-03-31 21:40:00",-16400.00,CASH,"2017-05-12 16:08:11",NULL
235,1,1,"2017-04-03 08:34:00",-2400.00,CASH,"2017-05-12 16:08:11",NULL
236,1,4,"2017-04-03 09:13:00",-2800.00,CASH,"2017-05-12 16:08:11",NULL
237,1,6,"2017-04-03 12:09:00",-21100.00,CASH,"2017-05-12 16:08:11",NULL
238,1,7,"2017-04-03 15:00:00",-2200.00,CASH,"2017-05-12 16:08:11",NULL
239,1,1,"2017-04-03 18:00:00",-2400.00,CASH,"2017-05-12 16:08:11",NULL
240,1,7,"2017-04-03 19:11:00",-3500.00,CASH,"2017-05-12 16:08:11",NULL
241,1,7,"2017-04-03 20:39:00",-3500.00,CASH,"2017-05-12 16:08:11",NULL
242,1,1,"2017-04-04 08:14:00",-2400.00,CASH,"2017-05-12 16:08:11",NULL
243,1,4,"2017-04-04 09:05:00",-2800.00,CASH,"2017-05-12 16:08:11",NULL
244,1,33,"2017-04-04 14:17:00",-18000.00,CASH,"2017-05-12 16:08:11",NULL
245,1,6,"2017-04-04 14:24:40",-16900.00,DEBIT,"2017-05-12 16:08:11",NULL
246,1,1,"2017-04-04 18:07:00",-2400.00,CASH,"2017-05-12 16:08:11",NULL
247,1,7,"2017-04-04 19:00:00",-1800.00,CASH,"2017-05-12 16:08:11",NULL
248,1,24,"2017-04-04 19:24:00",300000.00,DEBIT,"2017-05-12 16:08:11",NULL
249,1,17,"2017-04-04 19:56:00",-15000.00,CASH,"2017-05-12 16:08:11",NULL
250,1,1,"2017-04-05 06:06:23",-2400.00,CASH,"2017-05-12 16:08:11",NULL
251,1,1,"2017-04-05 08:21:00",-2400.00,CASH,"2017-05-12 16:08:11",NULL
252,1,4,"2017-04-05 08:55:00",-1800.00,CASH,"2017-05-12 16:08:11",NULL
253,1,6,"2017-04-05 12:31:09",-13800.00,CASH,"2017-05-12 16:08:11",NULL
254,1,2,"2017-04-05 13:02:00",-4400.00,CASH,"2017-05-12 16:08:11",NULL
255,1,1,"2017-04-05 17:42:00",-2400.00,CASH,"2017-05-12 16:08:11",NULL
256,1,8,"2017-04-05 21:00:00",-9000.00,CASH,"2017-05-12 16:08:11",NULL
257,1,7,"2017-04-06 19:00:00",-3600.00,CASH,"2017-05-12 16:08:11",NULL
258,1,1,"2017-04-06 07:47:00",-2400.00,CASH,"2017-05-12 16:08:11",NULL
259,1,4,"2017-04-06 08:28:00",-2000.00,CASH,"2017-05-12 16:08:11",NULL
260,1,6,"2017-04-06 13:17:49",-21100.00,CASH,"2017-05-12 16:08:11",NULL
261,1,1,"2017-04-06 17:42:00",-2400.00,CASH,"2017-05-12 16:08:11",NULL
262,1,7,"2017-04-06 18:19:00",-1800.00,CASH,"2017-05-12 16:08:11",NULL
263,1,1,"2017-04-07 08:34:00",-2400.00,CASH,"2017-05-12 16:08:11",NULL
264,1,4,"2017-04-07 09:17:00",-2100.00,CASH,"2017-05-12 16:08:11",NULL
265,1,6,"2017-04-07 13:17:28",-19000.00,CASH,"2017-05-12 16:08:11",NULL
266,1,1,"2017-04-07 17:31:00",-2400.00,CASH,"2017-05-12 16:08:11",NULL
267,1,7,"2017-04-07 19:00:00",-3500.00,CASH,"2017-05-12 16:08:11",NULL
268,1,7,"2017-04-07 20:37:00",-9000.00,CASH,"2017-05-12 16:08:11",NULL
269,1,19,"2017-04-08 07:00:00",-11000.00,CASH,"2017-05-12 16:08:11",NULL
270,1,1,"2017-04-08 07:34:00",-2300.00,CASH,"2017-05-12 16:08:11",NULL
271,1,4,"2017-04-08 08:08:00",2100.00,CASH,"2017-05-12 16:08:11",NULL
272,1,6,"2017-04-08 14:09:00",-19500.00,CASH,"2017-05-12 16:08:11",NULL
273,1,7,"2017-04-08 14:30:21",-10900.00,CASH,"2017-05-12 16:08:11",NULL
274,1,10,"2017-04-08 16:08:00",-80000.00,CASH,"2017-05-12 16:08:11",NULL
275,1,10,"2017-04-08 16:26:31",-80000.00,DEBIT,"2017-05-12 16:08:11",NULL
276,1,7,"2017-04-08 17:16:45",-3000.00,CASH,"2017-05-12 16:08:11",NULL
277,1,8,"2017-04-09 17:02:00",-16900.00,CASH,"2017-05-12 16:08:11",NULL
278,1,2,"2017-04-09 17:58:57",-5600.00,CASH,"2017-05-12 16:08:11",NULL
279,1,1,"2017-04-10 08:58:00",-2400.00,CASH,"2017-05-12 16:08:11",NULL
280,1,4,"2017-04-10 09:41:00",-2000.00,CASH,"2017-05-12 16:08:11",NULL
281,1,6,"2017-04-10 14:06:43",-18900.00,CASH,"2017-05-12 16:08:11",NULL
282,1,7,"2017-04-10 14:45:00",-10150.00,CASH,"2017-05-12 16:08:11",NULL
283,1,1,"2017-04-10 17:50:00",-2400.00,CASH,"2017-05-12 16:08:11",NULL
284,1,24,"2017-04-10 20:34:00",300000.00,CASH,"2017-05-12 16:08:11",NULL
285,1,1,"2017-04-11 08:26:00",-2400.00,CASH,"2017-05-12 16:08:11",NULL
286,1,4,"2017-04-11 09:06:00",-2100.00,CASH,"2017-05-12 16:08:11",NULL
287,1,6,"2017-04-11 12:53:16",-15500.00,CASH,"2017-05-12 16:08:11",NULL
288,1,1,"2017-04-11 17:07:00",-2400.00,CASH,"2017-05-12 16:08:11",NULL
289,1,7,"2017-04-11 17:45:00",-5350.00,CASH,"2017-05-12 16:08:11",NULL
290,1,1,"2017-04-12 07:36:00",-2400.00,CASH,"2017-05-12 16:08:11",NULL
291,1,4,"2017-04-12 08:22:00",-2800.00,CASH,"2017-05-12 16:08:11",NULL
292,1,6,"2017-04-12 13:50:00",-21100.00,CASH,"2017-05-12 16:08:11",NULL
293,1,7,"2017-04-12 15:37:00",-2650.00,CASH,"2017-05-12 16:08:11",NULL
294,1,1,"2017-04-12 17:26:00",-2400.00,CASH,"2017-05-12 16:08:11",NULL
295,1,7,"2017-04-12 20:17:00",-3500.00,CASH,"2017-05-12 16:08:11",NULL
296,1,25,"2017-04-13 17:23:00",-80900.00,DEBIT,"2017-05-12 16:08:11",NULL
297,1,7,"2017-04-13 18:09:00",-14400.00,CASH,"2017-05-12 16:08:11",NULL
298,1,19,"2017-04-13 19:36:00",-11000.00,CASH,"2017-05-12 16:08:11",NULL
299,1,27,"2017-04-13 19:38:00",-3500.00,CASH,"2017-05-12 16:08:11",NULL
300,1,11,"2017-04-13 22:43:00",-30000.00,CASH,"2017-05-12 16:08:11",NULL
301,1,19,"2017-04-13 23:48:00",-13000.00,CASH,"2017-05-12 16:08:11",NULL
302,1,6,"2017-04-14 16:43:00",-18800.00,CASH,"2017-05-12 16:08:11",NULL
303,1,18,"2017-04-14 17:17:02",-8000.00,CASH,"2017-05-12 16:08:11",NULL
304,1,7,"2017-04-14 17:40:00",-3700.00,CASH,"2017-05-12 16:08:11",NULL
305,1,8,"2017-04-16 22:00:00",-9000.00,CASH,"2017-05-12 16:08:11",NULL
306,1,1,"2017-04-17 06:29:00",-2400.00,CASH,"2017-05-12 16:08:11",NULL
307,1,4,"2017-04-17 07:13:00",-2100.00,CASH,"2017-05-12 16:08:11",NULL
308,1,6,"2017-04-17 17:53:30",-11900.00,CASH,"2017-05-12 16:08:11",NULL
309,1,1,"2017-04-17 18:00:00",-2400.00,CASH,"2017-05-12 16:08:11",NULL
310,1,7,"2017-04-17 19:13:00",-8850.00,CASH,"2017-05-12 16:08:11",NULL
311,1,1,"2017-04-18 07:17:00",-2400.00,CASH,"2017-05-12 16:08:11",NULL
312,1,2,"2017-04-18 07:53:00",-3500.00,CASH,"2017-05-12 16:08:11",NULL
313,1,6,"2017-04-18 13:13:00",-9000.00,CASH,"2017-05-12 16:08:11",NULL
314,1,17,"2017-04-18 20:50:00",-15000.00,CASH,"2017-05-12 16:08:11",NULL
315,1,1,"2017-04-19 07:55:00",-2400.00,CASH,"2017-05-12 16:08:11",NULL
316,1,4,"2017-04-19 08:44:00",-2000.00,CASH,"2017-05-12 16:08:11",NULL
317,1,6,"2017-04-19 12:41:00",-19000.00,CASH,"2017-05-12 16:08:11",NULL
318,1,3,"2017-04-19 15:00:00",-2300.00,CASH,"2017-05-12 16:08:11",NULL
319,1,24,"2017-04-19 18:15:00",100000.00,DEBIT,"2017-05-12 16:08:11",NULL
320,1,1,"2017-04-19 18:24:00",-2400.00,CASH,"2017-05-12 16:08:11",NULL
321,1,8,"2017-04-19 22:05:00",-4700.00,CASH,"2017-05-12 16:08:11",NULL
322,1,9,"2017-04-19 20:30:00",-3500.00,CASH,"2017-05-12 16:08:11",NULL
323,1,1,"2017-04-20 07:54:00",-2400.00,CASH,"2017-05-12 16:08:11",NULL
324,1,4,"2017-04-20 08:40:00",-2100.00,CASH,"2017-05-12 16:08:11",NULL
325,1,6,"2017-04-20 02:58:14",-18500.00,CASH,"2017-05-12 16:08:11",NULL
326,1,1,"2017-04-20 19:00:00",-2400.00,CASH,"2017-05-12 16:08:11",NULL
327,1,1,"2017-04-21 08:20:00",-2400.00,CASH,"2017-05-12 16:08:11",NULL
328,1,4,"2017-04-21 09:09:00",-1800.00,CASH,"2017-05-12 16:08:11",NULL
329,1,6,"2017-04-21 12:04:15",-15400.00,CASH,"2017-05-12 16:08:11",NULL
330,1,10,"2017-04-21 13:52:06",-38200.00,DEBIT,"2017-05-12 16:08:11",NULL
331,1,24,"2017-04-21 17:08:30",600000.00,DEBIT,"2017-05-12 16:08:11",NULL
332,1,1,"2017-04-21 17:28:30",-2400.00,CASH,"2017-05-12 16:08:11",NULL
333,1,7,"2017-04-21 19:17:00",-8000.00,CASH,"2017-05-12 16:08:11",NULL
334,1,7,"2017-04-21 20:00:00",-3500.00,CASH,"2017-05-12 16:08:11",NULL
335,1,29,"2017-04-22 09:00:00",-550000.00,CASH,"2017-05-12 16:08:11",NULL
336,1,6,"2017-04-22 13:02:00",-16900.00,CASH,"2017-05-12 16:08:11",NULL
337,1,7,"2017-04-22 13:22:00",-6500.00,CASH,"2017-05-12 16:08:11",NULL
338,1,7,"2017-04-22 14:53:00",-9800.00,CASH,"2017-05-12 16:08:11",NULL
339,1,10,"2017-04-22 15:53:00",-5900.00,CASH,"2017-05-12 16:08:11",NULL
340,1,10,"2017-04-22 18:20:00",-3800.00,CASH,"2017-05-12 16:08:11",NULL
341,1,8,"2017-04-23 17:40:49",-28100.00,DEBIT,"2017-05-12 16:08:11",NULL
342,1,1,"2017-04-24 08:25:00",-2400.00,CASH,"2017-05-12 16:08:11",NULL
343,1,4,"2017-04-24 09:10:00",-2800.00,CASH,"2017-05-12 16:08:11",NULL
344,1,6,"2017-04-24 15:01:00",-20800.00,CASH,"2017-05-12 16:08:11",NULL
345,1,18,"2017-04-24 15:32:00",-9750.00,DEBIT,"2017-05-12 16:08:11",NULL
346,1,1,"2017-04-24 18:32:00",-2400.00,CASH,"2017-05-12 16:08:11",NULL
347,1,24,"2017-04-24 21:31:00",100000.00,DEBIT,"2017-05-12 16:08:11",NULL
348,1,1,"2017-04-25 07:57:00",-2400.00,CASH,"2017-05-12 16:08:11",NULL
349,1,4,"2017-04-25 08:38:00",-2000.00,CASH,"2017-05-12 16:08:11",NULL
350,1,6,"2017-04-25 14:34:46",-14800.00,CASH,"2017-05-12 16:08:11",NULL
351,1,1,"2017-04-25 18:54:00",-2400.00,CASH,"2017-05-12 16:08:11",NULL
352,1,1,"2017-04-26 07:47:34",-2400.00,CASH,"2017-05-12 16:08:11",NULL
353,1,4,"2017-04-26 08:30:00",-1800.00,CASH,"2017-05-12 16:08:11",NULL
354,1,6,"2017-04-26 12:31:45",-21600.00,CASH,"2017-05-12 16:08:11",NULL
355,1,18,"2017-04-26 13:11:00",-5000.00,CASH,"2017-05-12 16:08:11",NULL
356,1,1,"2017-04-26 17:32:00",-2400.00,CASH,"2017-05-12 16:08:11",NULL
357,1,7,"2017-04-26 19:54:00",-3500.00,CASH,"2017-05-12 16:08:11",NULL
358,1,7,"2017-04-26 21:13:00",-8000.00,CASH,"2017-05-12 16:08:11",NULL
359,1,1,"2017-04-27 07:36:42",-2400.00,CASH,"2017-05-12 16:08:11",NULL
360,1,4,"2017-04-27 08:18:00",-2100.00,CASH,"2017-05-12 16:08:11",NULL
361,1,6,"2017-04-27 13:30:00",-15700.00,CASH,"2017-05-12 16:08:11",NULL
362,1,2,"2017-04-27 14:01:00",-4400.00,CASH,"2017-05-12 16:08:11",NULL
363,1,1,"2017-04-27 19:06:00",-2400.00,CASH,"2017-05-12 16:08:11",NULL
364,1,19,"2017-04-28 08:23:00",-12000.00,CASH,"2017-05-12 16:08:11",NULL
365,1,24,"2017-04-28 08:30:00",300000.00,DEBIT,"2017-05-12 16:08:11",NULL
366,1,4,"2017-04-28 08:41:00",-8500.00,CASH,"2017-05-12 16:08:11",NULL
367,1,1,"2017-04-28 10:58:00",-2300.00,CASH,"2017-05-12 16:08:11",NULL
368,1,3,"2017-04-28 14:14:00",-2200.00,CASH,"2017-05-12 16:08:11",NULL
369,1,1,"2017-04-28 17:57:00",-2400.00,CASH,"2017-05-12 16:08:11",NULL
370,1,8,"2017-04-28 18:43:00",-21100.00,CASH,"2017-05-12 16:08:11",NULL
371,1,19,"2017-04-29 07:54:00",-13000.00,CASH,"2017-05-12 16:08:11",NULL
372,1,6,"2017-04-29 13:07:00",-20900.00,DEBIT,"2017-05-12 16:08:11",NULL
373,1,2,"2017-04-29 13:53:45",-13700.00,CASH,"2017-05-12 16:08:11",NULL
374,1,1,"2017-04-29 15:45:00",-2400.00,CASH,"2017-05-12 16:08:11",NULL
375,1,35,"2017-04-29 16:30:00",-1800.00,CASH,"2017-05-12 16:08:11",NULL
376,1,35,"2017-04-29 20:00:00",-3500.00,CASH,"2017-05-12 16:08:11",NULL
377,1,8,"2017-04-30 17:12:00",-14900.00,CASH,"2017-05-12 16:08:11",NULL
378,1,18,"2017-04-30 18:11:00",-10900.00,CASH,"2017-05-12 16:08:11",NULL
379,1,4,"2017-05-01 08:37:00",-6200.00,CASH,"2017-05-12 16:08:11",NULL
380,1,1,"2017-05-01 11:52:00",-2300.00,CASH,"2017-05-12 16:08:11",NULL
381,1,6,"2017-05-01 15:12:00",-34700.00,CASH,"2017-05-12 16:08:11",NULL
382,1,2,"2017-05-01 15:14:00",-8100.00,CASH,"2017-05-12 16:08:11",NULL
383,1,24,"2017-05-01 16:11:00",300000.00,DEBIT,"2017-05-12 16:08:11",NULL
384,1,19,"2017-05-01 15:00:00",-6000.00,CASH,"2017-05-12 16:08:11",NULL
385,1,10,"2017-05-01 18:20:00",-150000.00,CASH,"2017-05-12 16:08:11",NULL
386,1,1,"2017-05-02 08:03:00",-2400.00,CASH,"2017-05-12 16:08:11",NULL
387,1,4,"2017-05-02 08:49:00",-2000.00,CASH,"2017-05-12 16:08:11",NULL
388,1,6,"2017-05-02 17:13:00",-20900.00,CASH,"2017-05-12 16:08:11",NULL
389,1,1,"2017-05-02 18:01:00",-2400.00,CASH,"2017-05-12 16:08:11",NULL
390,1,35,"2017-05-02 20:48:00",-3500.00,CASH,"2017-05-12 16:08:11",NULL
391,1,30,"2017-04-25 11:00:00",4867000.00,DEBIT,"2017-05-12 16:08:11",NULL
392,1,1,"2017-05-03 08:16:00",-2400.00,CASH,"2017-05-12 16:08:11",NULL
393,1,4,"2017-05-03 09:00:00",-2000.00,CASH,"2017-05-12 16:08:11",NULL
394,1,6,"2017-05-03 12:40:00",-9000.00,CASH,"2017-05-12 16:08:11",NULL
395,1,1,"2017-05-03 19:00:00",-2400.00,CASH,"2017-05-12 16:08:11",NULL
396,1,14,"2017-05-03 19:25:00",-400.00,CASH,"2017-05-12 16:08:11",NULL
397,1,17,"2017-05-03 19:30:00",-15000.00,CASH,"2017-05-12 16:08:11",NULL
398,1,18,"2017-05-03 20:07:00",-9000.00,CASH,"2017-05-12 16:08:11",NULL
399,1,8,"2017-05-03 20:37:00",-8800.00,CASH,"2017-05-12 16:08:11",NULL
400,1,1,"2017-05-04 07:14:21",-2400.00,CASH,"2017-05-12 16:08:11",NULL
401,1,4,"2017-05-04 07:55:00",-2100.00,CASH,"2017-05-12 16:08:11",NULL
402,1,6,"2017-05-04 14:11:33",-15500.00,CASH,"2017-05-12 16:08:11",NULL
403,1,1,"2017-05-04 15:45:00",-2400.00,CASH,"2017-05-12 16:08:11",NULL
404,1,35,"2017-05-04 20:36:00",-3500.00,CASH,"2017-05-12 16:08:11",NULL
405,1,1,"2017-05-05 08:36:00",-2400.00,CASH,"2017-05-12 16:08:11",NULL
406,1,4,"2017-05-05 09:20:00",-2100.00,CASH,"2017-05-12 16:08:11",NULL
407,1,6,"2017-05-05 13:40:00",-15500.00,CASH,"2017-05-12 16:08:11",NULL
408,1,1,"2017-05-05 10:46:00",-2400.00,CASH,"2017-05-12 16:08:11",NULL
409,1,8,"2017-05-05 21:19:41",-27900.00,CASH,"2017-05-12 16:08:11",NULL
410,1,6,"2017-05-06 17:23:46",-28100.00,CASH,"2017-05-12 16:08:11",NULL
411,1,10,"2017-05-06 18:16:00",-31850.00,CASH,"2017-05-12 16:08:11",NULL
412,1,8,"2017-05-07 17:02:00",-16900.00,CASH,"2017-05-12 16:08:11",NULL
413,1,2,"2017-05-07 17:36:47",-5700.00,CASH,"2017-05-12 16:08:11",NULL
414,1,1,"2017-05-08 08:23:00",-2400.00,CASH,"2017-05-12 16:08:11",NULL
415,1,6,"2017-05-08 12:59:06",-15500.00,CASH,"2017-05-12 16:08:11",NULL
416,1,1,"2017-05-08 17:49:00",-2400.00,CASH,"2017-05-12 16:08:11",NULL
417,1,35,"2017-05-08 19:59:00",-3500.00,CASH,"2017-05-12 16:08:11",NULL
418,1,15,"2017-05-08 22:00:00",500.00,CASH,"2017-05-12 16:08:11",NULL
419,1,1,"2017-05-09 08:46:32",-2400.00,CASH,"2017-05-12 16:08:11",NULL
420,1,4,"2017-05-09 09:26:00",-2100.00,CASH,"2017-05-12 16:08:11",NULL
421,1,24,"2017-05-09 16:52:00",300000.00,DEBIT,"2017-05-12 16:08:11",NULL
422,1,6,"2017-05-09 16:57:26",-21000.00,CASH,"2017-05-12 16:08:11",NULL
423,1,1,"2017-05-09 19:21:00",-2400.00,CASH,"2017-05-12 16:08:11",NULL
424,1,10,"2017-05-09 20:13:00",-16750.00,CASH,"2017-05-12 16:08:11",NULL
425,1,1,"2017-05-10 08:24:16",-2400.00,CASH,"2017-05-12 16:08:11",NULL
426,1,4,"2017-05-10 09:07:41",-1800.00,CASH,"2017-05-12 16:08:11",NULL
427,1,6,"2017-05-10 13:41:00",-15500.00,CASH,"2017-05-12 16:08:11",NULL
428,1,18,"2017-05-10 14:03:28",-8600.00,CASH,"2017-05-12 16:08:11",NULL
429,1,27,"2017-05-10 18:56:00",-7000.00,CASH,"2017-05-12 16:08:11",NULL
430,1,1,"2017-05-11 08:15:00",-2400.00,CASH,"2017-05-12 16:08:11",NULL
431,1,16,"2017-05-11 16:30:00",-3000.00,CASH,"2017-05-12 16:08:11",NULL
433,1,1,"2017-05-12 08:00:00",-2400.00,CASH,"2017-05-12 21:12:50",NULL
434,1,4,"2017-05-12 08:45:00",-2100.00,CASH,"2017-05-12 21:13:33",NULL
435,1,6,"2017-05-12 13:25:00",-15500.00,CASH,"2017-05-12 21:14:27",NULL
436,1,18,"2017-05-12 13:47:07",-8800.00,CASH,"2017-05-12 21:15:13",NULL
437,1,19,"2017-05-12 20:15:00",-12000.00,CASH,"2017-05-13 02:06:04",NULL
438,1,12,"2017-05-12 20:18:00",-28000.00,CASH,"2017-05-13 02:07:05",NULL
439,1,8,"2017-05-13 00:16:47",-8000.00,CASH,"2017-05-13 05:17:09",NULL
440,1,6,"2017-05-14 12:11:34",-28100.00,CASH,"2017-05-14 17:14:04",NULL
441,1,2,"2017-05-14 13:39:40",-4900.00,CASH,"2017-05-14 18:40:04",NULL
443,1,10,"2017-05-14 14:30:52",-80500.00,DEBIT,"2017-05-14 19:31:17",NULL
444,1,1,"2017-05-15 07:50:00",-2400.00,CASH,"2017-05-15 12:50:22",NULL
445,1,4,"2017-05-15 08:29:03",-2100.00,CASH,"2017-05-15 13:29:16","2017-05-15 18:36:14"
446,1,6,"2017-05-15 14:12:40",-15500.00,CASH,"2017-05-15 19:44:59",NULL
447,1,1,"2017-05-15 18:30:28",-2400.00,CASH,"2017-05-16 00:05:54",NULL
449,1,1,"2017-05-16 08:46:17",-2400.00,CASH,"2017-05-16 13:46:24",NULL
450,1,2,"2017-05-16 09:27:50",-5000.00,CASH,"2017-05-16 14:28:13",NULL
451,1,6,"2017-05-16 15:20:05",-15500.00,CASH,"2017-05-16 20:20:17",NULL
452,1,18,"2017-05-16 15:46:29",-8800.00,CASH,"2017-05-16 20:48:01",NULL
453,1,1,"2017-05-16 19:19:43",-2400.00,CASH,"2017-05-17 00:21:12",NULL
454,1,17,"2017-05-16 19:53:43",-15000.00,CASH,"2017-05-17 03:31:19",NULL
455,1,1,"2017-05-17 07:15:10",-2400.00,CASH,"2017-05-17 12:15:14",NULL
456,1,4,"2017-05-17 08:02:30",-2100.00,CASH,"2017-05-17 13:02:46",NULL
457,1,28,"2017-05-17 08:17:07",-11000.00,CASH,"2017-05-17 13:17:27",NULL
459,1,6,"2017-05-17 12:56:31",-16500.00,DEBIT,"2017-05-17 18:12:27",NULL
460,1,24,"2017-05-17 18:07:38",100000.00,DEBIT,"2017-05-17 23:09:21",NULL
461,1,1,"2017-05-17 18:15:53",-2400.00,CASH,"2017-05-17 23:16:16",NULL
462,1,9,"2017-05-17 20:24:10",-3500.00,CASH,"2017-05-18 01:29:13",NULL
463,1,1,"2017-05-18 08:32:58",-2400.00,CASH,"2017-05-18 13:34:18",NULL
464,1,2,"2017-05-18 11:11:37",-5000.00,CASH,"2017-05-18 16:38:41",NULL
465,1,6,"2017-05-18 15:11:51",-19900.00,CASH,"2017-05-18 20:15:02",NULL
467,1,1,"2017-05-18 16:05:27",-2400.00,CASH,"2017-05-18 21:05:36",NULL
468,1,8,"2017-05-18 21:24:58",-108806.00,DEBIT,"2017-05-19 02:25:32",NULL
469,1,1,"2017-05-19 08:33:08",-2400.00,CASH,"2017-05-19 13:34:27",NULL
470,1,10,"2017-05-19 09:02:27",-750.00,CASH,"2017-05-19 14:03:52",NULL
471,1,4,"2017-05-19 09:25:13",-2100.00,CASH,"2017-05-19 14:31:32",NULL
472,1,14,"2017-05-19 09:26:59",-250.00,CASH,"2017-05-19 14:32:28",NULL
